puu_id,region,server,range,league_points,wins,losses,winrate_%,matches_month
-ICaPa2_Fu3bNPek3mhOxFrEUH_4T5aDwr3uJj9BQE_jWxWxemdypFP9MRx5ZE1Uzd71trcZnpn5UQ,europe,RU,MASTER,508,853,891,48.91,1744
-6aZMYmZwaZsxX1mdRKKUgq8SrviR9RL32qq-J3hWluTXbjFQxEWDwq-3w4-izV3mk_VWjnMEZTdig,europe,RU,MASTER,255,581,601,49.15,1182
AB7nFYJGfUkV2tSpJpWx1QuITkikzrgNtCTTijXF1pzADXZITVvFBvzufOH_Z12Xq7RpqHqNjH39yg,europe,RU,MASTER,113,593,563,51.3,1156
wTwXr1clHPxVyabpySfBbO8VAVmghTyNFEfWN52IlNvILs2GP91SnVBii7jVfRA3CGPBbQ7O-W_ptQ,europe,RU,MASTER,72,540,501,51.87,1041
N4P2eLQJYoYBbZ2nsCLbY9-xOjlIJ1O-5ph6MHEo3g90PZv68xhTa5qWCBM2PB8lP5tOIvdHzUUYyg,europe,EUW1,CHALLENGER,3603,728,587,55.36,1315
uIUlGLvMQtcOlYF8QVtjIbiW0Em7dbViwVZz6265leYcEezDnEwqn_5XZRNa3hdVfU7XUjeQ9PhdTQ,europe,EUW1,CHALLENGER,3147,592,491,54.66,1083
s3dp0p9CrwK-na8xGArxjo2EFqK6rrCrEORc9nFB73qlkMLA8gmqzUd1ODL62HqO7DYZZHExv7LIzw,europe,EUW1,CHALLENGER,3142,594,432,57.89,1026
Mjk472QYeTwL5P4v-gqOCbWw4DwR5xiIiBosXlHVdj_uUpMnSsHB8t1MGkzrhn0hHCTKjLlJc1AtpQ,europe,EUW1,CHALLENGER,3112,697,586,54.33,1283
ilkBNT7sd4bk_90wjVNwgy5j8dIPsXvZjzMD1v2B-zSv-g9ZEIG-s80lRzgj8k-dFs22klHC-wPC1A,europe,EUW1,CHALLENGER,2966,571,443,56.31,1014
1uLYnhu_cUAI7ZlO8ypfYyN0uSBFrRQtyDzOOj4-1WW-sKXQmgeFoznEwPqRf-5WFUYceTMjjkwuEw,europe,EUW1,CHALLENGER,2917,649,546,54.31,1195
1vTeXWW-kcel_Nj0zIK9UVoPQQTfxO8CRH0qvwbynfUIgDInOtJuZR0FqOuoMbGPQJGJroJMTNlBOQ,europe,EUW1,CHALLENGER,2711,1040,866,54.56,1906
IJiGQdUOBveYuw8XbAS8qIkxHNXv-2uRs_EZyd4hXbqnQgiDv49DBWNkxffXgrRsclqpvY4CyiHouQ,europe,EUW1,CHALLENGER,2699,1025,950,51.9,1975
j9zt3AobGlrJVRePwDquV9GjS1f8y9qNauarQG72NBGHo9LxZEdtn3v1ezPyNQkQDiJ3KcZCp3hLMg,europe,EUW1,CHALLENGER,2570,677,582,53.77,1259
wH8608nTXsn4EOND0uhC5jOyuYYn5x7RhlotrpPqsgCHBIpwbBOREJE2AwxrVpSBCwlegY7IbhljYw,europe,EUW1,CHALLENGER,2558,566,479,54.16,1045
YYvFGJ5ffGRK3Hg9z5g3YQYu5dpoRwbLlu12VM5KLu62ayknhFyCGFTSd_m8rObk9rsDjdqIkzZGOA,europe,EUW1,CHALLENGER,2543,535,394,57.59,929
HifsA0vFQ8VU88VYbGrW5jUqDRGCDtIwC-Rl5TgrsWaJYxd5U0Di7fApR2ewyzoVDopyp9d1xhiJeg,europe,EUW1,CHALLENGER,2525,691,634,52.15,1325
YXjBQql7ATSs9DaCBRK1-LxGXwnAiFTnCINIA_uZL3zP_GUcJggBpFh3WgoNyPS7ZROforceaJjUoQ,europe,EUW1,CHALLENGER,2524,597,500,54.42,1097
COllOLyeJ1DUkJlFfN-DtRuYe4m2AYjZNFd7Bpvhx6naR8lEmZfT30dVVbotTkGmkZk4TSIX-gLGVg,europe,EUW1,CHALLENGER,2462,501,430,53.81,931
FGIja8GfC0n3eF-Pz-E69uyW5vY2zoi8Y_4DDt7fZLqQZKIKj3Lhj0q9D_qP0eAMb8O7AYZzFxABPA,europe,EUW1,CHALLENGER,2410,808,714,53.09,1522
Kb5x0Z7MkdFx_IFgTatC_wUrxzKbkkhcQE1DC-uHpgEfY9KWGtl2vEviLpEw_PDeIm8UTmjCMshrnw,europe,EUW1,CHALLENGER,2385,698,541,56.34,1239
-hrph5ojePFWmJY24TC8ezJwCSY9WVwj4BoesKwLuYAoHAc6bhTAB3-Yo0SsmwKhHtz0VoiEKUYcUA,europe,EUW1,CHALLENGER,2383,516,427,54.72,943
biV1k9U0C2K2HRpbL_jctKonic9J-0eay1GGgHZvrmNqf7Iis16s5CjrYOivh1DWU00PvvZnUuLtfQ,europe,EUW1,CHALLENGER,2360,533,431,55.29,964
WwghNg2ozSTg8gRiLKGtDQ39wDEbdE5j3yZawHFezLkl81hub0_XmF1HOl_n70g5z6rGqYxKtRGPtQ,europe,EUW1,CHALLENGER,2344,600,538,52.72,1138
X5Wx2vZ8pykAtqWDqOColXEMIiGLz6rCyDbrFGSOioyrvxMAFUUqP5qhH7GUMnNHl7nG0Am3p9OcvA,europe,EUW1,CHALLENGER,2343,594,536,52.57,1130
xxMWFeIcrlIIzyZzexNVlCWtQvxrWzeq71_pHrmRQfdG13aErXUp_i68-TPql1EXd-sJFTpk2-bpqg,europe,EUW1,CHALLENGER,2338,676,600,52.98,1276
X9iYvQcNQl6f1aT9_U9MTRqND_bnqMTunVdOxmBZrqT29DyLIi67KZBlDFansWhErZym7jbh8ETcMQ,europe,EUW1,CHALLENGER,2333,600,539,52.68,1139
L_uNDV30HWc0zMvSUzr6j61Ke-gpUG6-vuy49_4tHz2mByguva5VtK3tx4KXziQZu2LPl3EdOTW9fw,europe,EUW1,CHALLENGER,2306,619,523,54.2,1142
ASCx8wKuNyfDiCPWJKzvKtgSTeHoy5sTQgFxI9pYM82EJV5sy7pXUBQUbplSoukRD0kTlS66quaVUw,europe,EUW1,CHALLENGER,2270,559,497,52.94,1056
vhZB3pifToG7zYG6IgHBocd75hwQlcVEKNfdDZ7bEzFzKBulNq4Ta-9O4OPNmqg6g-rHRWakRzho5w,europe,EUW1,CHALLENGER,2269,641,589,52.11,1230
2rgrxRORSGOyK0esFDDLkCCBwIlB6RYk1TqTjCU3ur0i-iQuMOQAbRk2vqF_bVioAxE7iVPpr1k6GA,europe,EUW1,CHALLENGER,2237,627,543,53.59,1170
GTwcXUF-gA5a--W8CKJHO42bVLaMHSyd_RNvKqopW-vhOiYbW9NHybSRe0SJV9r2PY14U78HqgVHig,europe,EUW1,CHALLENGER,2225,891,817,52.17,1708
cv1phGtpk95Sbe5wu4e_G3QdSpVnsmvrPNrOwI7k6zsef5SmHHAI8SiUEypNdLIMG1nJZJW7Nw4x2g,europe,EUW1,CHALLENGER,2214,558,469,54.33,1027
sEzDt1Z62CrJ3A78U7UkWfhXe74g9r8T137VjVLhUbDoGOyVfoMsEZg5DgfJ4bfAdmi0_jyv6YB5NQ,europe,EUW1,CHALLENGER,2211,660,596,52.55,1256
1oNmUu3Cmu2rN5kuRm9kve6vt-InXt8FUUwYS0VCKtJibgBJYmMVqBQhDsEEujMg48YAg3j-C__fKA,europe,EUW1,CHALLENGER,2211,560,488,53.44,1048
FudwL7B5Dd5doswqPBgDJk4DREyAqpAc4zb6jI7oQ8XK6BoZoU1fyJ1AM23S4rUW1ZF1XFgeM3d47A,europe,EUW1,CHALLENGER,2199,559,473,54.17,1032
SE7Bh1rkSm1MF_Vb_BOp_G8Z05aax9U1YTyoIa-DHNJebsVPhni9B851tJo_sWe7lUCABwq2OR1fuQ,europe,EUW1,CHALLENGER,2158,697,629,52.56,1326
_0ABJ10OVkg2Rf65tqJdwbocNuLa5LnsD_IQWrvk4Q7Bt9HEw0bcY8XZEfesEVoU9iWPFfz9RSWwwQ,europe,EUW1,CHALLENGER,2145,1197,1088,52.39,2285
17a3EU9WrGVYjTh0HIdo63evnu4ZEh5KCGK_he7ePl4joEGQyQc2izAS8S6eGhozxmUoeWF2lJu1bw,europe,EUW1,CHALLENGER,2128,534,448,54.38,982
fR2KotM2EVg6cY-tHjOIPUIftGLE5VHqp7xDXQxcsDsFibl8dsrBFaq6etWEhWYtyyZqZ1IePrd1vQ,europe,EUW1,CHALLENGER,2124,584,523,52.76,1107
do9j8Mo1xi4XKlhsqw-sND3tziGd9hg7lS9CcKxvlV2UwTA7yQ8bhQm4baw5euGcprt2LpZQtsUcsQ,europe,EUW1,CHALLENGER,2121,519,460,53.01,979
x2DgFceJUJyzrpIgWiBSG4WGaUJS-SqqqG1RDKsA_fs-fCBR1pEJLYJ8g1wJBbEGYd9IIxHXVs74jQ,europe,EUW1,CHALLENGER,2079,559,496,52.99,1055
iXIHQyKMAFlUFoclKftDDV9ULEOnjaHOL_bgZ3B3ymWJbn-oY3u5NP5hTvlddVwTFzI_KseX2-ah5Q,europe,EUW1,CHALLENGER,2051,724,638,53.16,1362
YQgIsKGzeUKTkxsoxItGTOtHJN4qOvk4EKqO9fJvRh03RomCpKmhMQuaJFtdTg_binUAPsM7AsWKRQ,europe,EUW1,CHALLENGER,2050,583,494,54.13,1077
Qf6gc-BamIb-_28RUfB_RbLdEO7K83cvBkSC0pVI_TH9RoMEyEIBPEDgY1bjcDUJU6hkjWrYRYsnkQ,europe,EUW1,CHALLENGER,2040,524,424,55.27,948
BSsmAsB0Ofh_lBMFRlnWz245B0hdGjHMxGxeRokEyolxYi4cDBhoKvBiebxixP8tKfuXXlnKLlNYxA,europe,EUW1,CHALLENGER,2021,539,506,51.58,1045
RCXuC6iULAzNFciZ723PngOCUCQLYG_HfJCpCIjq61NcH5FQkBPShc7c_mTjuoWv6R58b4DCL74lqw,europe,EUW1,CHALLENGER,2012,522,414,55.77,936
vIGfpwqJEK0gE2craevnwpEaNoNkonToTYczfRtmwayaNkXVFbGha4J3YRxm5NSLa1Hi2L-TtYR34A,europe,EUW1,CHALLENGER,2005,615,486,55.86,1101
0FQLus1qD-Mr4iJjmOW-j1cVlevZdS1Ge9g4yurY4tumbrLBQYh9i5bdhemV3RRSyc8OYnCd0xorZA,europe,EUW1,CHALLENGER,1997,511,490,51.05,1001
sCkz9jEfmnnBRoS3B0p2ouGvROn0lgAH2ZBNB5MG0dVBT97FWpuve-vR5yA5G4lZtpSi2dKBPLbtCg,europe,EUW1,CHALLENGER,1990,620,548,53.08,1168
yScyiYcT_ewURH_CInKlLGRt-atWd8vl_Cr-7-Uwre32kRZESw_jJwMxJ1eJN7wnv0LkZi4tLz7CyA,europe,EUW1,CHALLENGER,1981,543,450,54.68,993
FH_YvF9JkLL3dOS1ek1lX1UvV4mC8AUY3mQy8dD7Vtp8Wscw1bzFMh5secmt5nefiJ28WkEWQU7pKQ,europe,EUW1,CHALLENGER,1955,756,666,53.16,1422
0QLEKZIlNfSc1MzKVtmTD8VA6_o6CT2rDQZsNy_iOEVeqo4UoxrvoEZThb6lq9e6yJk_GqaXyzI1qg,europe,EUW1,CHALLENGER,1954,533,451,54.17,984
OuUg3Sf3Bnr89z59ITkhkwZzpI8jOwEy2GNSF1Doz3a82XXIDWvBgPi9Q1TZph63FcQqMNrjEqHxyQ,europe,EUW1,CHALLENGER,1954,506,453,52.76,959
TFIXDinFCja0QuONNscZsW8TtAEpkRZ3Fy1yFR7zblzs6AoMRaq2CRdyeRPUhXF4dUNYcC3H35wKTA,europe,EUW1,CHALLENGER,1953,597,519,53.49,1116
yrUpjAO2LkMS59K_T3j27DEMOQ1XBqGn2QthFJDAo30R6h70og60sjLUdDeMVQ-CaEyIJrfb6n5tRQ,europe,EUW1,CHALLENGER,1943,519,411,55.81,930
CG2rxVufEEW3kAnwflaxywqSRJOB-hATW2fgNPHAH7GnhCViWJ6ij4LPLsIut--MdsIvE0MS1b7nSg,europe,EUW1,CHALLENGER,1941,511,452,53.06,963
i2ItwjgQYGHlNt8YsDhEJH4uRX0494fTIK4Mnu4aY-OAEsJ-wS5fIMcoIlSzAwIalyVYPCBVPY53rg,europe,EUW1,CHALLENGER,1938,526,468,52.92,994
ETQGzFfVDcSX5kMGKKIo_KdjZIbbmmtmkkyXtLMxRwTampgIiASPYgkRuHZpJeFpJGBGSbZiKM7MRQ,europe,EUW1,CHALLENGER,1930,511,422,54.77,933
g4ika_pW17QnZu_Vxow2x0whi5-13mMOz--e8YrGTB_y5hLwBLwmN-z6-T3v4-_SCFx2p9_0D5fvkQ,europe,EUW1,CHALLENGER,1917,777,751,50.85,1528
UcWMAbRbZJQKN0kyAlsja3a1aOqVNbrqQyLPvL-aAAXZsAwGEhf49oRkSpa69XDi85r96aNea2uPiQ,europe,EUW1,CHALLENGER,1915,540,461,53.95,1001
xL3twIhykEfwxeCXg3HguYYtl9pQ9Sx8lB_QA14XUdCgCLPmiijfjvVlbvrjO0MrjTWZUFF2Hl54dA,europe,EUW1,CHALLENGER,1908,565,473,54.43,1038
ScKnvgLfbDX3yiztCcSkiQvNvareZH5hs9rxOdop07fHKx2iOfJ9NiZsTvFLSTr8wxQQAzUrLuXUEg,europe,EUW1,CHALLENGER,1889,623,557,52.8,1180
TB7DGgBCwD3290YQG3qVfvVAv1f8xY4jIfMyD63gqneC8V1C1a7Oi8GRpacYk0RJbKVO7eqNLuijNg,europe,EUW1,CHALLENGER,1888,968,874,52.55,1842
JuXdFpy2psa5JMzzAUfabDtd2av6N8h5Y-VuvKQ3-qKffX2vg-BDPWSFgvboes9-dhrJ8SUEuG-2kQ,europe,EUW1,CHALLENGER,1887,616,549,52.88,1165
Joc4BGJ7meHUwJxs-vSLR84LDFa40YdxU9R0rQIbPg4Jz_aLZ7ErNFqEOSm-KQWfXQSkrMfA2ArKbA,europe,EUW1,CHALLENGER,1874,621,566,52.32,1187
LsRrU-lY_crteCUFHcwi1PdrdxV9C92cS9dgy0Flulzb94NvFzhJq78uGZxntyrwB2VJkM2dG8MGfQ,europe,EUW1,CHALLENGER,1870,508,493,50.75,1001
0ZIiQYnU6bHYwNxpIsyndwyHck74m0gOSFnQIqHcMJRiAKZH9bnSI4x8h7ZSFklPdMeVcwNnGgaOuA,europe,EUW1,CHALLENGER,1864,501,424,54.16,925
EeCqb99YESNFRlaIrywppU6HVW7Js2UnCdIDxSS9D9SK6S6cxoFc6rMyPC2SefrC8Ev77fC9QtJ8GQ,europe,EUW1,CHALLENGER,1856,525,469,52.82,994
D5pYrgLivOSDjLtowh2Zqx8OmX3a9XfddnppjgF4TYBqmtZcNaO6geUBaoxyXWt6Pzfc-3vs5T_RMA,europe,EUW1,CHALLENGER,1855,639,581,52.38,1220
JW3ShARXJMV5Yq0RKlAXwCMgcXZHojX3VOVoK1SIPQrJTmOHHQ9KsAOpO7PB50GQyTOcrehxh2vEpw,europe,EUW1,CHALLENGER,1855,564,505,52.76,1069
qmzD4p0f9eqnrv7BjJQTxX0WXbo1LfowG5nmkFGMtsPkKd7SdYOIUY42QOBjLsfN6MSClrUL4-0CZg,europe,EUW1,CHALLENGER,1855,527,488,51.92,1015
nkYnj2pXp6-2C3YJNNrvmWk00dUiqTtE2pWBfPYuH4Dp7_EMB40M2klfAwhkyedFTCTgvyckHZVPpg,europe,EUW1,CHALLENGER,1849,533,484,52.41,1017
ywvXsWI8N31ZycB_QzoJGix7UKCZCwJnx0tpfgZKqQlzTZbcjEICMY6lsmQVRkQq_z67ZDmsmzzJxQ,europe,EUW1,CHALLENGER,1849,525,514,50.53,1039
zntKmXMuZE299xjr6NIINhHkMQzAeQ2vKIBusEgnOn_Czokg5JduY3HWDcqdayZZqy_hOB6B82NOqA,europe,EUW1,CHALLENGER,1848,619,552,52.86,1171
KZvUPrhm9TVfjIod3qUnNUPTKUqBPpwWnaH_3-1sWpOW7Eif2KshgLeALivWPBOKCJeuPjN246lMmw,europe,EUW1,CHALLENGER,1845,501,450,52.68,951
L3ts30PdAUttOpk5MwKhPIfGdyH_SYWkmLkrPMRmbf3sw2y9mNW_Njg7ZWICXrZYMrUMSSwv29cAdQ,europe,EUW1,CHALLENGER,1837,795,753,51.36,1548
crmE80DGJcpHBTMRj3cliuCsmo1C0xCqW6Mffx-Mzpn5hZS_UrIgR3hYzLWTdx9594M0zgYNrCYQzw,europe,EUW1,CHALLENGER,962,732,642,53.28,1374
cyxf80RpCJXjcb4NAx1jj0hyKhgDily01Hiciun2scCTqvzV3ai8G9H58epSQAJV2yfWSI7w6DdUJw,europe,EUW1,CHALLENGER,466,616,569,51.98,1185
bBEXtTlP8J50itznQOD06YyEYBJmNCG-9bTV9X0_LhEBMZbazQNdn1w3rpFwTnrvreVpVP0NmwAFSA,europe,EUW1,GRANDMASTER,1922,522,388,57.36,910
QVeeHCQYNNarI9QnhITPK-xivIWAFHu8KdhhZxAx7GtHeTKVaBEDQsqvOmG_BxkGAPXKOPEL2bPi0g,europe,EUW1,GRANDMASTER,1825,651,595,52.25,1246
EdybDGGBF31_H4zaJL4tmiCX9ztyT-Vo5Ya8YyZrHbLSK_TOcf4l8wBJvGOnWsJoTjL9VA0cMO4K8Q,europe,EUW1,GRANDMASTER,1806,524,449,53.85,973
NR8NiWioOCeoaUeXLsJgyulb80Th5MgUHxdjUXDdc-b12A9M-SQsau5EQLlWIYXoC9gLufR31mkClg,europe,EUW1,GRANDMASTER,1800,525,447,54.01,972
zOnMBAmugMo8tsZYNmGPqP2VLguR7VMHrg9-Gku9iB_p-DykIU7EcMV_teOLBJVTSd62UpJ_jUIIQQ,europe,EUW1,GRANDMASTER,1788,756,656,53.54,1412
FSroMKZQfaKG-uKweDiHuVJ5PAdsdPtuVSaQVjWdPrdAPRUvRBXa2kQgZBW0eWXPMvI8L7JA53d9gA,europe,EUW1,GRANDMASTER,1784,526,461,53.29,987
1qtOssWcgY4A5v1q6JejbMI5smGzGDqlCkoy9-mUpbGnxJ8P8vEtmWck5wqcaldeFDccRwHmC5wNcw,europe,EUW1,GRANDMASTER,1777,677,593,53.31,1270
sfDT3RZ2QsZCptd3egf8Ru5XrppRpT-RdMESftyBZyZww6pYG1amZ6I51CnK1w8aTRU8k6eO5BMIyw,europe,EUW1,GRANDMASTER,1775,737,643,53.41,1380
iox8Us5M7QwonMjK0D56zgnyBh-TtvWxCvyFI3IR2h5wgAVJRntBSEF6nGRrVSkZT98X2NE8JQ1gzg,europe,EUW1,GRANDMASTER,1753,650,600,52.0,1250
y0Yx-LuQxfVhOyMdtPEsSfhVv-XB8xf3Ap7M8clnCbcoQ-3VnLWJgnnuOTsR3cnIfGXa7an5d_0JwQ,europe,EUW1,GRANDMASTER,1737,547,479,53.31,1026
VzFaV0m6gTOJ-oov_vGCqUKg6oghVlijx7phjLIFDKUaCxa_HNM7rxpfWCh2NlZbMJeMFOhYtfZtrA,europe,EUW1,GRANDMASTER,1736,512,440,53.78,952
ePI9aRsopoGPYQnEALspoEeX1ctCsUuYdLMj2aEU_PdLtz6xyjdOePOqehPMaDL7InFTbh3yE1o18A,europe,EUW1,GRANDMASTER,1726,556,522,51.58,1078
O50YCaMCEXEAFqVpwi9rH8ZJE5Gyrpz2JTWJswOazJGel97iSA6rSVya711EoX_s2CnE8E-OIM8qrQ,europe,EUW1,GRANDMASTER,1719,1067,961,52.61,2028
VRVTRloyvtMbrOaLE4kSq-E5etv-3TnyFu_ZKTEHnDDXUlitJ3TVILAWvvI_dDct7mPEhx6AuzJ8Pw,europe,EUW1,GRANDMASTER,1716,568,502,53.08,1070
vp7jrC59z-tgDfdJ6chdDpAbrF0Z6UZ0U64kjZ4oMKvxty-Uph6FWxmQlmwynsrLaHMq9uDtjXmEnA,europe,EUW1,GRANDMASTER,1707,504,455,52.55,959
xJbZez7u08vI9OZHbDivEVgqCPHASV_DIzfsxy2UKOFVFLkGOkJFxsUxl0SXSUd-amZTBl6GzPyXRw,europe,EUW1,GRANDMASTER,1705,523,444,54.08,967
eei0y43FsWKZuwI2xmTOEBII5BT3C9ao65NACGT76sYukQizCTJp0YGsFdmFpqg0rzZeZjjKyUMySg,europe,EUW1,GRANDMASTER,1697,525,481,52.19,1006
QVWj8Vw7WxO2GqXmcTo6jEII9dkUOBe-YCmIfIrEEJEObbT-89kWFCPPTj75UWQ92wAlrYKIGDy9Sw,europe,EUW1,GRANDMASTER,1696,505,453,52.71,958
eHTxd-rrY2hxcme_LC2ASI-9mAXDIlSXcumTe86MWoBkLq-2hoPjuXIt9Y2MzH-YUgKV0TGSMmOKRA,europe,EUW1,GRANDMASTER,1695,735,694,51.43,1429
4_YM8jeO5KAsWJjI-_v6z2GQbIVlcyYOe0HBYkB5zdrR1lr8nd1r0VmB4O8GF5_ATGcA1WDdFeWnWQ,europe,EUW1,GRANDMASTER,1689,587,486,54.71,1073
1vS0iWytVDYuYdjHvsNCFiSV5RbNjPkN-o2FoAT61PrPn8qCKyZ6cIP6xhjwZdmYLfQXOGaks0TY4Q,europe,EUW1,GRANDMASTER,1684,507,460,52.43,967
bq86K96Km5T_j2xTlmSNiB5b_ttOMzN0_LMgo3MADgTAkFvkZszO4iVUI03VR-vsYjK507to79HYhQ,europe,EUW1,GRANDMASTER,1678,550,464,54.24,1014
WfxwLUF20UAtXe2o3PBpYbIPVMWVf6deUrhl5IukY4IqMyWbL9RW2Bj1qTa5w88p8o-xMlLNcxLS8w,europe,EUW1,GRANDMASTER,1677,563,526,51.7,1089
9p2PPRt8NIMJUsiFFP-CH9KqOhUOUBAv3dBHWlpBYQD6VkC3OUGfap5DFho7gkYPGnrXB38eyNvDIQ,europe,EUW1,GRANDMASTER,1675,521,474,52.36,995
PNNwg8GLtzufAfGtClCKuBOEX0zc2f_r0b_Pi7CdkYZTFpBPWS4jp-b8e0GJCqrlBmJdH3LRNFYJ_A,europe,EUW1,GRANDMASTER,1652,802,735,52.18,1537
kT4NFDDJWixjjjKwn7V8P2PNOANMglovRI__g1r80CEpBAPUpBB9pIs4kNQrmylqJL3FufD7-t6rPQ,europe,EUW1,GRANDMASTER,1646,554,473,53.94,1027
06tQhmBcXu4piW7AzDzMz-8sScSc42e4L4dhcgx1-agItpR-0LDg_Cj84okNuR940bUBFBc1KvMh1w,europe,EUW1,GRANDMASTER,1643,507,454,52.76,961
QfvXyJbmE8WBAfmR-YFbP5MByERSbHpGRR1qgdK47Uni5h4xxdxyYvEYSfHwlIr1BCq_2jOAcBhIvA,europe,EUW1,GRANDMASTER,1632,589,517,53.25,1106
8ZMSoFT8qxF2DLroqiv-7JbMaf2nrNl9ut_QqxNmQEfwcTDBDawusgQSpUrdzUU6QFHi9UhsqisBjA,europe,EUW1,GRANDMASTER,1623,529,489,51.96,1018
T1M-jHrXw5KsFPibMcRni_sejPaVQWoSW1ImZiVVxP7EvLQJAYMhe9FnKcR9Pi0x5nKD1XLoWwy9mA,europe,EUW1,GRANDMASTER,1621,543,506,51.76,1049
e1hMM04fCfQUUln1vHzJ9s6fJNx0TXYj6ZfwwMUxN5fgsJJsbEk3SKnuuTluKUg5DlKrKk4All8CnA,europe,EUW1,GRANDMASTER,1616,604,555,52.11,1159
6G7E0VYwGH9gJz8Oo27nDPhtLqE7eR1O-yhkmEtaL-MARknkC8TtdG7Ko2VBIb-0L9RtdeHEOkcwHA,europe,EUW1,GRANDMASTER,1612,612,565,52.0,1177
8bLZqa9OtCbjD9zCe5m_-c6FurM_X5aAsRHQKAlfRm_2M9WtK9cwNKvngtTJVmyvG4HaQiDyc3bZ7w,europe,EUW1,GRANDMASTER,1607,570,513,52.63,1083
q6na8qOnsfuWrEqVSdnmq3QHJ0h_4mOsPan93RIeQKPYAjsC4c0485Ya0MvUGMQ8W5hV-fKzWs14gg,europe,EUW1,GRANDMASTER,1605,539,456,54.17,995
ni0c63cvVmFrf37ydqBxDMBI32nsLZ_CKH0BO1SwqKIyPWB1_Utg04Xn3djh0gNuzdad1Ew0tGUYrw,europe,EUW1,GRANDMASTER,1603,509,499,50.5,1008
6QLyzpJfjhiJxJRep0LX5oF2ki7JWFl1wWvsFj6hLgeWk63t-XYQdkVRCxVQa-VOJy60d3wo7WNeXw,europe,EUW1,GRANDMASTER,1602,524,467,52.88,991
U_606ddWZEtr_10h02A0XM7Zy7l4LBTJVUGbQelqVBngudiX1psvxKLqmfXV8PVyZvJ3urnvnu4Ocg,europe,EUW1,GRANDMASTER,1601,538,486,52.54,1024
CUGaTVqrZMUmVi1xnS4qXdwieGNfZTy7JLKFGQrsVbdLQq_PDkx4mTzmOf4-juYHuXpi6k4rGSiWMA,europe,EUW1,GRANDMASTER,1588,646,594,52.1,1240
F8DQ3aWW60BOdDNMlO_8_w3ksD7HkTHQ6BUCsxxvgU0NHFM1hsfpTXFGxWnKbSzRSvbWCTA2oDYVqQ,europe,EUW1,GRANDMASTER,1587,543,506,51.76,1049
RAN4mlBLiF0u8foOHZtFAVfDcfpITYcOk5xXS3BB_ZX00uiPBE8S5UU9pb_YwFMIm4He5L2YxN7z3w,europe,EUW1,GRANDMASTER,1585,662,640,50.84,1302
btGJCayic-X64T81FNYGSAtLBQ963O5WAJfslmupxmQDWeWCgI2nM2jxSTXMlquIhlV4SxUdZwezEg,europe,EUW1,GRANDMASTER,1584,849,788,51.86,1637
XTSWA47JibMpK9yL_3MatAZPJlze9f1kWnXlS7yGluw1LKz9LASB-B4Yng9ZX-lwFLKqLpyTEQ_EZw,europe,EUW1,GRANDMASTER,1582,566,492,53.5,1058
xlLF8nSN0N1UqCNU2GOO1q1UB81_OEuwHDuONPrWaBmXNdabDKjhNZ5ovKYScRv6ZxFucr2yOB_WCA,europe,EUW1,GRANDMASTER,1575,568,523,52.06,1091
zs8psYtP_3dT3eEayZiWmApsbKtgJW21jM5t6BRc85twpL2wkVEOlzYqhoe_jP6n_yar012XwoxwdA,europe,EUW1,GRANDMASTER,1562,575,505,53.24,1080
-o8o6MI2FC6yW2nTLJpbGn7Xm-uucmkaWCg9rKwc9XQ2uR3Wl96qVTts_XGCJ0hx3t5LB7_evpThrg,europe,EUW1,GRANDMASTER,1558,597,505,54.17,1102
C4yMYJAKi0XizlFCMSDgGmqBUSxW3wcARgyEC3BuCzvT-4hUAkhTK9WePhSOs1Pe84MgZzHuixIL_Q,europe,EUW1,GRANDMASTER,1545,545,416,56.71,961
mreGa7GziAPlyVFCJx1davsqVlOBtY5N_gzZ29meX0HxGz7eZ3ureBOfrg3BMF-GBWvFUKBwh7benA,europe,EUW1,GRANDMASTER,1537,522,510,50.58,1032
L9aemX1FIS2iIumDSgkjvvXep3vlH2pWoBr1CyNlBASB58iDMC0bYAUHj-dgb5TQ42Et2IjnmshgQw,europe,EUW1,GRANDMASTER,1530,965,936,50.76,1901
kWfRUhntjN3pwSdHuh9WZFPrNA0C5MOIY0-MmanneSyxam7BldBOURA7KEjZ1pXlYeWL_zhGJJGefQ,europe,EUW1,GRANDMASTER,1524,575,528,52.13,1103
J-iMY13Ez2JjRhJ7uIvuFwRFvDogklDRifC089mKeD7bdhkhku7Mqc5RnwXRtrxBPaeaKMDygRkahw,europe,EUW1,GRANDMASTER,1517,522,503,50.93,1025
ra6NWXmYgaRHj824w78qVaSUvx_nF0yV4ki4XvTbuQ0RvimEL6VN8otPSJc-HGVyoOkw4oIQsJzUDw,europe,EUW1,GRANDMASTER,1512,581,528,52.39,1109
G3xsL4hJyOB-LS0Yvm0PjIjIuwxeBdQZtGnnr-udOFlZOT3C1gImY4Nk7xvu05Fi_QCOS6ahX3zHRw,europe,EUW1,GRANDMASTER,1512,537,495,52.03,1032
gocgt1wnFjIDtI1xAZRoRS5UdpW9Z0l5OMA4xDxlZZuMY9mAOKUwtOMBjSQI7ucbPbnTe5Du5NJ-Fw,europe,EUW1,GRANDMASTER,1505,504,442,53.28,946
ZUAZWwJa5JYiWpsE8ZLpdLfK1zO6Gt2Yctgjvpf2j-UDmGwFy_koV80u-mzFhxH29jNmatrdRLnF0w,europe,EUW1,GRANDMASTER,1495,622,584,51.58,1206
fz7cCmUgSLGbZMkekhG8SvhOSXPUj9BOfCL8aLxXuWgn2PXpEaKeXV-9qUiog20uRujssEbSamy3VQ,europe,EUW1,GRANDMASTER,1476,537,404,57.07,941
GNsT1toXEZBz4a8qkmtIElnMrJqoI0i-nBczAZfDJlQfVgtRCPLhncNtYzwTDQLf-BWUftRtRvxr5A,europe,EUW1,GRANDMASTER,1473,556,513,52.01,1069
OfDdmBEeEKbT0SsvAqPTZAqAfhe9UzE7mbwRzmJwXU4zUgQlZbUyNe7jfe2NxIbI7pndUqQ9Dvqgug,europe,EUW1,GRANDMASTER,1468,513,463,52.56,976
Lpl9WTuCjU3Oqx6k33FyhYm2qRdh1X0LjrMKfY96ruhN5UseoZPNo2sIrne-UHRZCYnHmqHL9-VjBw,europe,EUW1,GRANDMASTER,1467,572,538,51.53,1110
UCa9_4xnoG-VMQ_FwdRqNZq3rLM2U8L4QSCeu4OZQAcsbctaKNtWJAmdgHyO21MLA8HqajHGTyerOw,europe,EUW1,GRANDMASTER,1466,671,617,52.1,1288
TEHRFznDzi54Bc4RwNHGN8q8TIVup7svQDVIaCbkG-2BRihHrz-2k6DViaSVX2krltx1ah0f9bBMEA,europe,EUW1,GRANDMASTER,1462,731,696,51.23,1427
B30ZiBYk-Ltbny7Xh7ZAF_2i_Ajrr20iwBNN_FnNWmfq7zkuN75oRx-ecQ0sBmSE1g9TaWSHgkZt0Q,europe,EUW1,GRANDMASTER,1455,532,514,50.86,1046
RO5abP1NchQWu5bzfYUbYkwtMFR8iNLkDYvyQ2TwFg80K3wxOqBeiUji6IeeioE37PSLFxMhgb_pGw,europe,EUW1,GRANDMASTER,1454,556,549,50.32,1105
CHY9te_MQBc80V0ywD_B2_WomPZLwrHxrst6cFHMxdEvU9_Fd_7JRY8rLl__aYy-bLBuEBIU_TIYjg,europe,EUW1,GRANDMASTER,1453,705,643,52.3,1348
b51-RJp01qXxDnQRUxVqMF57HfRVBrG390EWDDkSpSx7rviB0cCa2yzbAzErIV-VSCeYSIVq-qoW9A,europe,EUW1,GRANDMASTER,1449,722,683,51.39,1405
0NH-LLoMQPx6YJU8fm_BuYBdR_BdFkxCuy1q3iduBOju-otgWx_WFHzj4OzyivFp-VJ5iafKh2rVng,europe,EUW1,GRANDMASTER,1440,514,453,53.15,967
sYNIwmt4K_JVgSHT55hHr0hIokIGerI_BnY7vNSBYN_N23D6rQ-125MHKxnBHF0SPdOn-rSFFrVKTg,europe,EUW1,GRANDMASTER,1436,762,759,50.1,1521
R-83K1Rk0PwkAlrjjiroOo3mF2ekhpdWk1nMk8jOiDlS1PwMjI2tIHpf1oNo-XXELuacusLOnGCUAw,europe,EUW1,GRANDMASTER,1435,566,563,50.13,1129
h5_etuoDRgRVlLD5vkW9VssQ3iYTPuLYtqOgw61cj7ax21GazJLY23pVdMNlj8oQaqbnTwtcLjI3sg,europe,EUW1,GRANDMASTER,1432,662,657,50.19,1319
hJrGfm-f9i0TnLzGKwBb20tM-MMkIK3Cbr7ndvhyJOKMwcv8AEkXuNHJzALKHLohi1B3D1mUwosx4A,europe,EUW1,GRANDMASTER,1430,915,860,51.55,1775
hZu2QORMjAL04WEE3aVk6okLXKbyejnAjVeIKF_du2E5SUHDdx84U7Zz33OkZFv_q6XcwM1vvn37Tw,europe,EUW1,GRANDMASTER,1422,573,515,52.67,1088
SkV3aV_cxdc3cFJqNWCtomcRMoR2yAVJsE2wYR4DE3h4vSKMXZGmCh0BbNOPAFt_T-XRo3OqXlGr6g,europe,EUW1,GRANDMASTER,1420,583,555,51.23,1138
tH_RC9fjK4kiziB4buTnGqR6DmMopcJgeEVApykd1peFysh7kPDe-VfAdmqB5s1ztphXX-XJvHdFig,europe,EUW1,GRANDMASTER,1418,554,527,51.25,1081
KXTlFytmg290MjYHy_df3XL2bYD7YJrAMNjvNmkipk5B9QLB4jIuKYOS94G403RlQI5Wc9PUWzI_hw,europe,EUW1,GRANDMASTER,1405,543,540,50.14,1083
qoBGphb8pfKhHQSNtb9KLgpmYTcz4FGCay-_MM6Be2z2j2FoJmRUkGtGtpatY2N1eAQeCkwnLFkTNg,europe,EUW1,GRANDMASTER,1402,628,600,51.14,1228
FRG6CiLnd-4q4NnoFUHahQptRk8Ap43OVJkVKXm-R_F1pp6Tsms4MTc6B4blIMuSN83XdcokcC2f2Q,europe,EUW1,GRANDMASTER,1399,661,581,53.22,1242
jat98WtnlKQbsUgzvx1j7rDUhsXZb1F1imQufAcoMEI3HhVYsfbZ4lbYZH-DmozYlO79Qjjo6ILxiw,europe,EUW1,GRANDMASTER,1399,586,556,51.31,1142
EpdGVF0lt_oI6_8vMu5tvQaeuwbrzKJwe6vAJ1IanOO3YOfk8Tt5WJL6_V-xK6hRK-OItlVeUrA_Yg,europe,EUW1,GRANDMASTER,1397,572,464,55.21,1036
odtH59ThCiWLoH3lwAPDVhMMwgtvumggoS0TDsS4-EIEGp9JH_wqIAORu9pWbekUgNquU3d43rInuw,europe,EUW1,GRANDMASTER,1384,524,460,53.25,984
vuq2bjZ9befLDzXlGzWJlDEukNqYi8zMQYB1KT-0Cq0t-nS_-XB0BNdTQm-s27y94tpC7MCZqtv1Eg,europe,EUW1,GRANDMASTER,1380,741,714,50.93,1455
uSCw5n2Id1ygShmaErAic9D_8RVvyampmqblSI_QBufmmR-VrV37KTAIVJb56CDX6hk28mpfiLI9Rw,europe,EUW1,GRANDMASTER,1378,527,493,51.67,1020
HTYKn1C2ZiN5Us4YVLdjpaRd0vTuiFQwB3XbezeagAhO6-4lathdAlK8vOv__ydiPTR2yduXY8tryg,europe,EUW1,GRANDMASTER,1366,527,487,51.97,1014
uX9sZB-6_M31QZX-Rn3HhyrG1XdcaAtRQWY7SLEkcLFyvUY4v0MdZk04vhbO44KG3VeJLS8m7bMBIA,europe,EUW1,GRANDMASTER,1361,595,538,52.52,1133
E6aFnV1AjPat5qGSqWJNod-bqPGt75BRw57rF3RCpUqvryQPrQ-k-GmJTgFoa0ng0F3ao52WYNFEOQ,europe,EUW1,GRANDMASTER,1360,558,518,51.86,1076
ePARAK6LYyGVlReYa61ThEWqfsRN-znAECoLLJ_PhrJaO93Q0sO4XkOxdF7fV1yzbTBS3WwMUtnl_Q,europe,EUW1,GRANDMASTER,1352,679,649,51.13,1328
RaVY9UBY1dIMzhFz3lUL-0F3f-QgYRPwHdFB65PMkO1W6wxd8XGHPN5Ac6wDfbNIkcm98TihlTNnag,europe,EUW1,GRANDMASTER,1346,534,436,55.05,970
NOZVEiDUcJ6X3TZ0QstYiOJgObWYELydJmTPP16dp5Zh5M87CPi7swHep6yYW9YAz2a0vzGAvrYevg,europe,EUW1,GRANDMASTER,1346,517,487,51.49,1004
Yf5Zjcfe6K24Lda8WiXGeQQ-v6DTgv8vrEwvMkOrNDR8Mpt0YZUs1YKssB4XYckNWBGbuW7B7w7Pow,europe,EUW1,GRANDMASTER,1339,559,501,52.74,1060
1ybPBf96foKBiljFEdvqKbDPghUQznJrjM2pZWhRfE1BYvJI4EC4Z1nxz9zoipUgQYSoHTKKIQ4_pw,europe,EUW1,GRANDMASTER,1333,808,786,50.69,1594
0AHWTzFGAYfEN38IhEotvtzW89rb7N1gTIYdCYeUmcdwXNW2xIie539QrBNIFlRz7crY0pLQtMp0Ig,europe,EUW1,GRANDMASTER,1333,728,724,50.14,1452
cP2I4SiO1ZOGMWqvndAISSvTH1k6KGpzEoe-IyQKgAAS8GuNGswy--f2197R482qSTcs-C9byoCIiw,europe,EUW1,GRANDMASTER,1333,647,581,52.69,1228
bUmy1ilU01NKnQ-Ma4V_vbXfICa330DSFQXPVTNDRXHe_He9nh-RGceTscjsfYI32sgX2oiPmCPBWQ,europe,EUW1,GRANDMASTER,1316,580,544,51.6,1124
i-ExJSbxyet3mAfC1Ra30GcnMYmxTScXw4LOv3RxmPd_9iNG1jQzFXiUS_x-iLY01Wscinf1dKn7pQ,europe,EUW1,GRANDMASTER,1315,513,402,56.07,915
Yf00o7J4qkT74CTX8N6ZC72pr6y0mbMdwxOy2Y6Z_0MqSOlRIyZGt_CDIVNSJ8e6_LeiLjnNBnaI9Q,europe,EUW1,GRANDMASTER,968,561,507,52.53,1068
BXgGQ8aP55aGR5JuxeHP-fg0xA0HdiVOn1MkejZYkkPMV1G0uEe8DYgqhiK5D5UUEQ3bscECXyA35g,europe,EUW1,GRANDMASTER,954,522,461,53.1,983
oI5J-e6VoQeP5oUu31vaPsw4XLyWzpsRN6SXuvkrhEJ2K8trWGYLLWd5vQf4QQHDufF6DB7C3Rj_eQ,europe,EUW1,GRANDMASTER,904,559,483,53.65,1042
Fj0lqP7jBV_z-joPynFPR9eioMmA1XsY1Q2Cl0yeJ8TheunTYrJsx_gNTTDHf5Qg4LVnq-ZUssAfLg,europe,EUW1,GRANDMASTER,900,588,523,52.93,1111
t4SX3ie9JyPJGjqb3EkT2WuJkWvuNkHMlnG0xqbGCDCuj-sLT1xxSn4Em-M497SlDeloxIQmKjeXkA,europe,EUW1,GRANDMASTER,646,537,483,52.65,1020
i1GRwp2bCC9AVxdb4hFKXfXve31PnEPfWFsi8YZ1rq5SKt9ITJnMwNMi0tpQj6A6gAy5cENkSxTYFw,europe,EUW1,GRANDMASTER,624,616,580,51.51,1196
LrAbPZBYFDRUTKnXc9x5XT59WHQlgLF0LN5Z7QpW8Govx5bZdEHvWu7xHibjwgH1XUx40sS_8VFYiw,europe,EUW1,MASTER,1400,508,438,53.7,946
mfOvvf5o8Z_LeeHYKurFfdnpciVBcTcrr-ciMzxBoG3Ppkl0zfyjCBS7gVwyS6-zk1DignqqozMVnQ,europe,EUW1,MASTER,1363,546,521,51.17,1067
IPfyoHzISA3U1uTjZz9UscgviuVXtJWn52LDbcqFImGOBXgULO0VrQZwf_QOyX0Jj3HMideJYppBqQ,europe,EUW1,MASTER,1348,517,471,52.33,988
FHWgIgCJShR2iXd0hP3hoANpniLCMvp9ksoo9p8aj74YVdF5jOSZpCG1Z5dof1fbvvf0YXbdKfvJJg,europe,EUW1,MASTER,1343,630,593,51.51,1223
L2viUUzMjj77mFJzONDIx5IYDf-qck6sIEzZRt_5AU21tar4tvU2dvuCaAAwRLBmQX8WWuzitePs1Q,europe,EUW1,MASTER,1307,729,663,52.37,1392
6VnBc_Nagb5Is-jlVylZOXX88MXNSzceW_wGqmVx0epkem95qn0fRxvahgEFpmKZFcA5_tWCAqm7QA,europe,EUW1,MASTER,1293,756,700,51.92,1456
cm-FncGnlEAqRcE5fEWmX80KaQuDH925uZEbN5YLWd3QA7vM0UipwN-u_7z4x6KC2zxT67aSIyqglg,europe,EUW1,MASTER,1285,578,544,51.52,1122
S3HaV0mfiNF6_QT6pxxo9iZz4ZT0YUSJgHrpMynFGssMWHEG2q9nFTWi8-JXum6RP2Tp4nDHjRRHWQ,europe,EUW1,MASTER,1283,616,530,53.75,1146
PCtlwKBABnY8QUQWgox1U5h5JBW5G2qXw_rurjYz2slVV0seftO7tpoo64JdtN589F60SBJ3YROX6g,europe,EUW1,MASTER,1278,564,539,51.13,1103
luvFZ15G0dV6BPAV52fFrUf2a8_EzcGKG3aso7wBSJi9UrxLB23be4AOAsH3lgmyMj8R6emEYlWaEA,europe,EUW1,MASTER,1271,525,491,51.67,1016
rGypyidBczMiiaHwtA69fTVl5HqhtuC4y_IPmvlyCBi0YmUMeVHPH2hs9txWRfq3flPz9mQBW4bSPA,europe,EUW1,MASTER,1270,642,582,52.45,1224
-54-qJjnj8oNz1_a7V5GdoJq7t1CZlIOt6ZSrgCKooZiCqLq2pbEJuGBgECfYK2ldRgweGcb249mzw,europe,EUW1,MASTER,1267,517,450,53.46,967
KYBoVlb_nQIxdjZ2lzAPFd0m9IpvD3Oltr955VCg84PVxXiaULNwkEHpCKXyWoMFo6hsmX8HAaA0wg,europe,EUW1,MASTER,1265,519,497,51.08,1016
VaT7HtuCAGLAdPhm3Vv6j55QAS2UPRv5XpLcw5N8RakMbd1fEeyLFfCFeFo3brMgMxEz5Jp2vgATYQ,europe,EUW1,MASTER,1263,607,567,51.7,1174
FiPc6OxyX28H5i3mWQlM1khhd8lg5TBWuastFQp44TENISwdeUwAdsMOWp0ay7MDGdYzfzqPyaM9dg,europe,EUW1,MASTER,1258,527,489,51.87,1016
2rAdf1b79nsm70_jIgLb8REJoamkkE6MWEwD9rcgb77ISjHOEx1facDug_-7ztX76iFS3OiqHCVRXA,europe,EUW1,MASTER,1254,598,500,54.46,1098
z96n3fiSVFO7XyGESQr0y-VwffyuZhNFdWQfY0AMFLX_BdHra8MjN-9JR90bAIsjhvhmzCGrxQmOQQ,europe,EUW1,MASTER,1253,533,488,52.2,1021
v8sMh8jq7uzHoNHnLcsXSSLlgjKd1KJ-mYnJlwE6hSe662d6x10CfvsV8wo1_34Dzh6Zv7P52XxoBg,europe,EUW1,MASTER,1250,570,574,49.83,1144
7nX--YnD9GuwuechNeyeZnVyKO4eGIceho28wHRE36ywc1hEqR0a9BUT2zwVg08M5SlJgHumnpoF8A,europe,EUW1,MASTER,1248,650,594,52.25,1244
LhE0vVi9YzGFHXaSLAXAeCYkFbXVKYeLgnhOOkmk9k0LOdbKRpoSxEZyVmAkHiD5v80mVrCO4lOq2A,europe,EUW1,MASTER,1244,552,481,53.44,1033
H8vV5UvcHWwo6nyFYlf3-6m9KwGSg_HnDu4rU4baZY7lEn5Aqeewkkbn_iOM5LGdJP5OU9ibxJXFMQ,europe,EUW1,MASTER,1239,537,489,52.34,1026
ZYaqUxKoX6LhvWZJTA5xBWKnzcQ0grDy60usBVd9M1yfdp2tBA_HxzWjGWBkvfthW9lgOd5oSWX4xQ,europe,EUW1,MASTER,1235,843,783,51.85,1626
rcQRcWAjDdLjUWTqhxGPp5Y4QNHiLsTA5QsKgI86gjdh0VqJrJ7zZMJlqKsbjUqSHR4kiifPAu5cHg,europe,EUW1,MASTER,1229,511,456,52.84,967
Gl8xnQhhw-qm9c-lgrlOFXb4GSocp4_tJAtdGNNYr4mV25xo1454bjpjOI5Nf5gHu3DXg6YoN7P_0A,europe,EUW1,MASTER,1225,700,679,50.76,1379
lvWKdDtKJPUu0VaQfVKLw_NvYvi156mLuM1vdsW4fGjQ6r1bQjorJmdk66J13PbykaU3zmmuCGzCpw,europe,EUW1,MASTER,1223,649,583,52.68,1232
8SM32W67fys3RaLbX3I3zwDdXWdrdYHAvC4ZMEUIuREj1iWTmexKIWBMqNInVdzGDB3FVZdT-Lxmbg,europe,EUW1,MASTER,1223,593,570,50.99,1163
F0NHx-SJ_W_LW-ddHYkSlrBNzKpvIsXkzGTLUEE-zjrwqxjK_FmOvJb9pxCpMc1QhnXXtVO6fBTh6w,europe,EUW1,MASTER,1222,533,476,52.82,1009
KYvgVMNyRhmTchwuKu2ACUd6tFqOJfu2TLC9R7dsuzPZAOW0pxky_Z63sUn9esRy7JLbwC8CpRuJ6A,europe,EUW1,MASTER,1218,638,592,51.87,1230
VVx9nVGhPy-_UO249nFO74A5ZSOluxBVtBMpqhDrVmjczJtMLdwyxeDhSKGMsEPLyFgV82k4lfe_mw,europe,EUW1,MASTER,1216,659,643,50.61,1302
7pCIrafx3glqMuDaZubZdkDnOIGu4mMEVaR5_Xbxvcyh9uLR2R8_3SXEMM8NYI0D3iH6sp2QpdmvOw,europe,EUW1,MASTER,1216,502,460,52.18,962
sZaplFpVE1tfOqrRza1o6E_ezpY3MHag4RD_OVgR7IZSy5O-Xf-HsD8xFVF-F-2K8a5w5QRsVJoT8A,europe,EUW1,MASTER,1207,533,510,51.1,1043
SNCp0Y5QpcS64_S_oKTD9DArX1dBJOevVVWGCDV65CVIQ-_682Wa7Gy6xs3OLkhgxdROY_dT6xL7wg,europe,EUW1,MASTER,1206,740,700,51.39,1440
r0w9dqRFXNCivKTA02mw4QN8UMQV0fsjlOBd9Se5AkWpFn8djbtaKfiQ4qkV0DGLmPR86JCDSsAeqA,europe,EUW1,MASTER,1203,763,757,50.2,1520
zhIg_AvfPyO8O4D-G3XHSQIobk-1zxDxD8kyF2ubLo0kRtfgkllvy7nD1JDnRmyfcwH1riA6K1b5bw,europe,EUW1,MASTER,1200,700,709,49.68,1409
1JTNSoK_729xNO_94zrcfEpKU4Yxry4db8OPznNw-V2FTElK0Lh1nWoR4h-bIHx7H-U6FakEuwMBzQ,europe,EUW1,MASTER,1198,631,589,51.72,1220
ivl32WDsnBmjSdNeLH2SgbRxhfjcCiSVKJ5LvxexSoHp_YepAviHMpvbXWvrwwoXrbEhusxptytn8g,europe,EUW1,MASTER,1197,520,469,52.58,989
6KJcDESiTVa6GmuJb4OPt69xIXz1WvBmjoIEfirEcPWqq5wclGCRYjZrOkIABJnuIuzP_RJwDN8fIw,europe,EUW1,MASTER,1184,532,470,53.09,1002
30RnKjp5S62sAc-io15cFynHyMxxfxl5ygtkV1BCySyxCG0dXaK_1Cliu0ZdlgRoyVFNYIzLOboxyw,europe,EUW1,MASTER,1182,542,510,51.52,1052
CZFQm293t352MzlUqtDfYdNxoeKm3ihwJB4pxXkzBOGgqyRi2A0676FgAvrUlH52uKSGa_M6ULHL5A,europe,EUW1,MASTER,1167,777,706,52.39,1483
AvohH_fvRtJKmG8fZwo1Lqk2kBNIbOgYf3_N2OwKaF_0wGtW3DJNOsBW6jq6_KZLAhFebcatYmcNPQ,europe,EUW1,MASTER,1164,609,574,51.48,1183
8Q8xuWi88zDvnMgeMhQFS1kpacF-6-pxDGpYInNthMeG1xAMWP-SjygJ-jSIoyYb9AupjjqlIxJoCQ,europe,EUW1,MASTER,1153,548,510,51.8,1058
9cMZNcJq6JoXHUAmJ-OGt19yS7AtDqomlVOTf2S9ZeubNjNnhsETCznjhVcLIRwzbHxu6ek2aHWuvA,europe,EUW1,MASTER,1148,542,493,52.37,1035
lKp_UW9MPkxO97m66mvhWD7FTDre-DMOASV-WaZRU5iZ1iP08iXzjMBFY9zrhxmUw26ifCPNyM13JQ,europe,EUW1,MASTER,1145,503,469,51.75,972
Hxc3giCpbiVQRNNN0TsOH93l-fbHFogcVwZdUAYg_E6OCOwR-P7rE1cezMjo3iPI84EbDzhQXkMzjw,europe,EUW1,MASTER,1137,575,526,52.23,1101
VVl_i5kpeilMKHfq_DvtSNH9lnvBy_eI0yukqFo63yMEBkj95vSMHLdHfg09YPjC3mTYXz3weJBKHQ,europe,EUW1,MASTER,1136,562,509,52.47,1071
eQteQtBggIH8zTAlHY-5EK3ch38dIAAFckRVKuJ1wVTqnoxvLDOZ_-TEsyXECsCB5KHkmQkZ3enF9w,europe,EUW1,MASTER,1132,531,470,53.05,1001
wwpF58_SutYf3rlqh7uwqw8Jai9z7lX3u2nrnFUaLQYi_ij0plaEgzS2hf6-QEnT5rgGih1vtISxhA,europe,EUW1,MASTER,1131,659,612,51.85,1271
WoDG6MgWpZHDEif3UCMKt4v3ZMn4XfdXx2W_2pUTK8_P1gWCzXlGk_ZsFDaP2Sv_IMtwzpxDD-UZmA,europe,EUW1,MASTER,1130,509,450,53.08,959
NQl4qNZENXid0XZUVFdZ3g3mIHF6dRX29AlefSzogzf8QzdhvGUJ1L7Jas92GQyI1M6fXpoUkn6EUA,europe,EUW1,MASTER,1113,568,519,52.25,1087
OuIxVWBNnTKGupv8tAgicNv_cCQRgV0QuWF-xmeHjPnXp47YqbwICwiTNjb0cY3Fc26am4x9ZV33xA,europe,EUW1,MASTER,1110,622,590,51.32,1212
8y-qyXiWZ2C7Mt7HeGp_McA6pIFMtzHq79byjFNgUBDucyegAWTvZMQ4PU_ie7Row2J32AeXMYEdgw,europe,EUW1,MASTER,1109,547,509,51.8,1056
1NsdVhgj9xrGW8bVEyTV4C4ZC1vdoWeWwmNSVRG5DJNJQHAQp__vonuWNpZHJiN6bGNQetZIrQFsdQ,europe,EUW1,MASTER,1107,528,512,50.77,1040
aoq5kWtIo9AfKqpyC9zX8RxLKIDGu0XcOUjxmIsioj-gRI5n_nAKd2XWDrafr8q98U39UbA5kRDNYw,europe,EUW1,MASTER,1107,502,429,53.92,931
7Mqt53ZHYLoSCSXuO7SLab39wxcP_Ax1iP7oxseHO1tJ3O1mXq7gZIQQN-AcY4XK795fZatii6rWWw,europe,EUW1,MASTER,1104,858,838,50.59,1696
cmfMy39O6NL1zK8ePuHnhva971n9tqA8DdpZ-F8KbwzupQUvVRzSkLLgCNebUddx8VurebWYTfupHw,europe,EUW1,MASTER,1103,656,650,50.23,1306
V9jEhJOHzBTM5Jgr9X0AhCtr-F2kgqN7lODbJVEWl8LZRPordLl9fGqNsRiJY5Ec-j_n7HaMywjVKg,europe,EUW1,MASTER,1095,522,447,53.87,969
iL7D8LU3INewjWZp_8EdSGOlqA3KkSF2Ztq4nbNyS0iWiyMTtca7jyG8bCkGDpCZ1Z6sRmK7_K2adQ,europe,EUW1,MASTER,1088,616,624,49.68,1240
KeOXj5ygv20pQzOBKtWQnJcAcawS2pY_jESAWMXg7Wctv2AWI9zmf1Nnbhnjf5__87bcxIG7IVgH5w,europe,EUW1,MASTER,1086,630,585,51.85,1215
wbQ7C8iD_APc6gBYyrf8LWurSFjLtub_7aJ_Z8Nm3C0qd9cgj4WVHDEkCfG8lYeJPtxYL7LfqQzTrg,europe,EUW1,MASTER,1084,547,517,51.41,1064
yHzKLWquAjmwo-JPMp4h21tRG8HdTXZqSrtoPapyJlAeX7tubVpzhnEwuSdsyS4O_zhgdVJJP-dGnQ,europe,EUW1,MASTER,1073,535,484,52.5,1019
bRAZ5PCH-y6qXVynqlmfhIjv3pX-eVDTm6MaRxlHtYMFCCYkr2G5gcmD7uymR_YEXfqUarYSnu0FjA,europe,EUW1,MASTER,1070,674,631,51.65,1305
zaG1izO3_fwqPCJQmYTLgQPlw5gvKV4sZ7yJhCO4dSjKAF5Ey3d92OBUMJ1c1U2T5ViK5-HJTebZWA,europe,EUW1,MASTER,1061,591,543,52.12,1134
LgECK4Rv0VXXKvGFpMmnnwyTwvXfdnB5P933syqoF2eqPBWRm-Omx1FOi16cp5XKFIgZEuE8BBj7Ew,europe,EUW1,MASTER,1053,603,545,52.53,1148
8yCs6p33-BGol-agMv7rUjR2Ob22VwddS50z_j62BsbIIUhpamnH99fiDT-D_7H922vAWA8bCJPFtw,europe,EUW1,MASTER,1051,594,580,50.6,1174
jrNvV1qLPlwFIyAz1llLIQaSf4KDKN5BLK05LtD3ygC5l71NGe944fXxiCxxBCUrFU2KVlRIYs5TDQ,europe,EUW1,MASTER,1051,569,547,50.99,1116
uiLqmiQezC_hHCVBv3koBWtMUwDQ928NGLm0Ng_cZ8mw6hnFKgMHRV9jyU8zPCbsOGeQOsTRScFfOA,europe,EUW1,MASTER,1043,540,492,52.33,1032
ViTojD0DoImG14fF0xLGQAT91QLIQoSLcNcBDwg5KItAZAzAFXhu6_GRREazSfQkf1xjaMIap2v0Lg,europe,EUW1,MASTER,1040,533,495,51.85,1028
j0VDetX2NYzGtto-qJcH76LuZVO18V5fZ7TCEDNqvCLd_8w9Idn23olX2j02R8M2s6lqXzbcPNLGtw,europe,EUW1,MASTER,1037,568,574,49.74,1142
isI1eJH88ivNo0CKq2_w6YwKBZcPndA_iHU2sVcAw9PNeDn1FDvgye5XKxEvaj3EOY4qw-pjAZzVWQ,europe,EUW1,MASTER,1037,546,491,52.65,1037
wiv4hUHR32MfpXRAa-3UWbfcGjZE4rhd431id5zy4fvGeQRwVELgBymXGjd6v_d_SP13m3g6hGyRtw,europe,EUW1,MASTER,1032,686,655,51.16,1341
i-d3uBECphLYUxjbVcwDUeMkm_s4YR3Rxfcr7NHc2SS_GoFiZB3-VYQHXGGmgQO25DkrcqWYCJHwoQ,europe,EUW1,MASTER,1032,548,537,50.51,1085
uVnXNq5GonBpvEBUvQiDamJeYivJ-bmySN-zLS8WJgcSM2BWBKdlKevmu7YryfeuzjygXCZcgGBD5A,europe,EUW1,MASTER,1029,565,519,52.12,1084
Ll3AAswdsJQayUtCAZs-oiK3b_Xb1p4wfu3Z610J-tNIX0OHuhYXttqG33y5C9x6a8dBasvTPHVQxA,europe,EUW1,MASTER,1026,535,488,52.3,1023
9JSXDMGhR3QfVRyViwcWE5IjJyfHAJWi53fxRZ4eCybzS0RiiZYKJ-IONkssxBM2s4kP-02SCF1cug,europe,EUW1,MASTER,1024,547,520,51.27,1067
dqQyDzZl8t46SgeWRm02GrJi48p1JBm_GNmYSHLXpqwShcwQ_vogN73hTH5aFodiqVbrLwEi7RLaZw,europe,EUW1,MASTER,1014,601,599,50.08,1200
0GmN38vQxjHiy-UIJg8SDAzO-Mb6o5PuWZwHs8gvgXkheM_9_i4lnvaP-EpJ1vCb8jkd5oZg430pBA,europe,EUW1,MASTER,1013,564,547,50.77,1111
EKDu7tVq9JoXqAIF8ZZ61xaxjuH1_TaS5Dr3Mws4qkRKSicTnVpDMqm55PaELREE9XYUBuoJx74gWQ,europe,EUW1,MASTER,1012,630,619,50.44,1249
PYpXrs0f2YZNnp9HGms7icz8fy9wzzQYbDBSipnX-MTjOU-fpDC3VXsUt4ALMdHjSg4bCZg0qRHCaQ,europe,EUW1,MASTER,1010,530,495,51.71,1025
xGV0nhoDrRytOdmPJ52IUiuXslpTdBmhNT4E6OzT0OwHpDKuTpf4_n15HuH1RMDG5w3fJJ8rlCqD6w,europe,EUW1,MASTER,1009,603,593,50.42,1196
Ig96qlVo-eOxP7J-nlr2T4G5PMPQnMfZ4UspIg6wDZdi5sDnhPXCZBYZ-0pbODthWZaSap9N69sO7w,europe,EUW1,MASTER,1007,501,498,50.15,999
s0rgRxQupIDEa7ETv8V3tQYD-MpBg6R3HgQj7WYFxycZSeBru__JaC-P8aWz1Tv5Fm6U7ezBCBb3sQ,europe,EUW1,MASTER,1005,721,717,50.14,1438
ERSN8e3MwAfxKZvTMzP66XBuULRsqK3I2zJAqMPHdREE2z37744bHnSPj_rMWPVciVxBbLWzG-58Fw,europe,EUW1,MASTER,1005,622,576,51.92,1198
ENoozXBBJ1EcE4BBxuUH5xfzC3WDKJ_CvalgY4736JbyHojEaHsBxx8sNgA1Jdu4tyiyudZ_MRXdgA,europe,EUW1,MASTER,1003,603,588,50.63,1191
InfpmMZW8kFm7uzQxYaJiWoleHUqilQDC2AT_auL2Pip4nE42JNZOBKqoy_Pmdo-AuK7YbBaqfkJkA,europe,EUW1,MASTER,1002,520,496,51.18,1016
SCa9j7N2M7ZSg6GoaQxl7bGE5Mjmuhvj8UbWCb2I6Y5ikFo0Ci2euC_lh0_VlIzlpVMKGEaxtz92Jw,europe,EUW1,MASTER,1001,517,520,49.86,1037
t2pHO_FoQzS-E1-1frQZfIkWmCaPcvtteXnJj0Ui-aHAc0D1GvHOpo8LClD5UqQZFvDGjdaz4IFKAA,europe,EUW1,MASTER,987,717,705,50.42,1422
z7skaQM-pqb5QvPC3RJpkk3NTc8oog39HzzdTmC0IUqNByVHA-O9mpQW6XTCe-vaTMsnK4H8aKoWFQ,europe,EUW1,MASTER,986,527,494,51.62,1021
bx3ooGu5kAiHhHGIFyX6GizL308qyVSCozMuOgLz_Q-VcorubbsrOGQJ49RH4w15Yj3tjHBbZwM4cg,europe,EUW1,MASTER,985,514,493,51.04,1007
-Acm6holAa2CASbz4ZZDbuQiPUUpZQCZ7eGAGtd8kEig7Ze7q6Y7ySR_O3p9D3NTJ2AJMTqXWoUGaA,europe,EUW1,MASTER,981,527,497,51.46,1024
Iaqw8yEJvY1L1Aq88lHFV5U_imVzsMRyJeDtc87HHR7Dtt7lnTvBADTbymdDw0wVW6bbs-5ZmKC_fg,europe,EUW1,MASTER,973,545,506,51.86,1051
TGbc6P3GbiIsZQcamZDHuafjVTzDWNx2R9hIRkU-MKf8xOV0Vwu8WFn8WUcYNBsawFXYMwjGY1Fe8Q,europe,EUW1,MASTER,971,535,524,50.52,1059
glQdn3QepdMa8xebeX2BXZ6Wxt7yi_nggDnuvN7oqZTrewmKfDkNIM6EJQYv6oREB1_KGX-rBjhMRA,europe,EUW1,MASTER,970,601,607,49.75,1208
eL43oqVYHoB09eBieUkY-HoPqCTSWKFN5JuF2i_a9DK-dd6iE2V_9ApTPyJ65E-gnA6FQI8KeMTKyg,europe,EUW1,MASTER,964,551,513,51.79,1064
gATaeDEQziclVO32TAmYTiQOqzaM9EmYML3BJqZ8_2nbcjGbjhZ0SeV2H0YBcMSJTVExlGnybUvRRA,europe,EUW1,MASTER,964,544,507,51.76,1051
RLto3IsXvtCzad4NmLhBLDMS4n7EbsMJcn5pOAk86WhRYOpXr-OiA-LoSc_ej1U5DXbbbQ1qHYTWiw,europe,EUW1,MASTER,962,541,523,50.85,1064
FFfL78NsW75tdugHLvwNCZlu8zhmwNrW3kGKGNeHtH2cEHqW4FcFncHrECIow_HpBmEyiPCmum-Q4A,europe,EUW1,MASTER,957,636,601,51.41,1237
X1q2wQt40FXW0QhdV9Ge3gtjnBXlU1YFxektk6cXjcN3ewkySilBVDPl70JVYZKdw_PhF28u62Zr9g,europe,EUW1,MASTER,953,502,505,49.85,1007
qXYQcfggqFA8tFa0bVzO9MMgblYKgzSEMB6vGAa5APrztE6ofQXJRJXQ8BqPCPkcsSZBUJNMvM9bOA,europe,EUW1,MASTER,952,541,518,51.09,1059
hdGYv1Z1L0XSFdkhtu8Sf_Kevufsmhh6HeeTzk46z56wv8iBpJOFSnFfytcFXdFGMRu7ui42l-RVbQ,europe,EUW1,MASTER,946,536,483,52.6,1019
WfY_leVVwRKkfFK59mRciVqOb8LpbX8Fo2OIW-6yYiA2CpiL3YfwgjE5Jzq9m6Jm8TOensMnErUZrQ,europe,EUW1,MASTER,944,619,567,52.19,1186
6kptEiOHbdeqjIRB2kw_3KK8d58LyJQc9TBCZiW4kWDtbBeqzxRhkbwgqDpOXVfdxW6zIHqAwjLQIw,europe,EUW1,MASTER,942,609,585,51.01,1194
SGZEDclF80NWaYcBDQWgTLH1HiVQ5d7VYl6XJZO6ID7u3dPA5EIJyqvUOR_HRe4ScpVO3QmdFxz-ng,europe,EUW1,MASTER,935,948,918,50.8,1866
MWq7-U64NZ0NDaATfHzecdDRsOmGzFG52cJlc7NTzrXU11jBNPCXEW0IwXQaT0BFvK3Wk91pFteJPQ,europe,EUW1,MASTER,935,701,704,49.89,1405
yfG4uwSm-uYXHQnoysgy_qxKlvoVoR2iB8XuzHY6fIzPoxkeCpPxRBotjJ4ecyFRX9YlNHLS2Uu7ZA,europe,EUW1,MASTER,926,572,534,51.72,1106
j0O2pBcwFy_cGaZW3TGSi9xDkYwZeQUADjWJv1Mbtccg-qtvx1O8ljy0a52XGdt1DWK_Bk1YYNb-Ng,europe,EUW1,MASTER,925,537,517,50.95,1054
07lXA678jZHuv3H1sUslVnDIv-JNgQn7WtyLL_r34aeMbDHf0F5h1zn3mK5bBP7Bd8rZdeNbCv2gvg,europe,EUW1,MASTER,923,587,554,51.45,1141
u6CuKD9x5whLih2WLjwE9FuQ7F0YEw9_qzjL0bk0Coce1uOBUCRtU4JkDY3aZKstXuBmWgSudDOGDw,europe,EUW1,MASTER,923,502,495,50.35,997
hpEoy7ib3K6O4DOBjypMH43OPFoMkqLgasHg0jeIOGZBlBKg_lEfPOIiRwjCaNNREk2VTPOH5GsADw,europe,EUW1,MASTER,913,607,585,50.92,1192
Rg_vFBLmVKH0MJwQTDY4JsN3t3IyJ5Bb9B-3-DessV0thknvu2Bp4bW7ZVgvlznWQeSMWjQuVTZBhA,europe,EUW1,MASTER,912,544,517,51.27,1061
Nn7aycPwrNd0RVxlhSBYCwHsaai3PA58xjDB--yWfGXQOfQje02lkjskLZguNi0fmQc1Cb2yd2UXAA,europe,EUW1,MASTER,904,517,512,50.24,1029
tboz7vrzMFAAcSpJb-hq-gprmwUAx1SELXhgOZX-02R20crvGpvvEyTcyAh_NOnuRehgD-sKm2Qacw,europe,EUW1,MASTER,903,743,732,50.37,1475
qUjdd4gNuRo_O4NrOoAtI0QLjegcKXn70GVemsr5-iLQw3F9Eh7riFz-_icN74RQh3pWeupkjDh_qQ,europe,EUW1,MASTER,899,511,456,52.84,967
2M1fxhNRbwao9a3RdrzFUur_lscC-Nj1q7DATa0PAm-rc112AGZ40X4-m2ejvmmLLpDySxGcbdWzxg,europe,EUW1,MASTER,897,514,498,50.79,1012
M3XojanMwHJw5hIMZ_06WGBLrX_X80qURK2sS9rArne7opg53mqzJ4C-rcINeOwho2x1ONPAU41tUg,europe,EUW1,MASTER,893,539,463,53.79,1002
qmJYFCNPcHYELE9mT1B6cc_7f8Qyfmvd9phPqH9ZLWr93FQndQPPz_QldJLT6ginbO86oXIGmIFgNg,europe,EUW1,MASTER,890,504,465,52.01,969
mTewGADSXL4KTC9Q8ZzIGJa9w08Ak0SDRu8Qab5_3RcrG3bQKMnpGbEwYQXSZjKwLWaVUUX69uaVXg,europe,EUW1,MASTER,880,555,545,50.45,1100
iJyrroGywg-VY-Nw1bF-tn2KfbGrt9V3zuTO0ci4n1-ZU2y1BKrcVQXJbxB9w3rjL4RcgkUJQGxrEw,europe,EUW1,MASTER,873,555,500,52.61,1055
gmeL7X-BBfrDBBBUhDX7h-xgAZRR7Db1uicWc57GlLm4JKa52nTGxYvIuJzsh5mMFZgeir56nNoCTg,europe,EUW1,MASTER,872,540,543,49.86,1083
0Ej_ookRqJJ7NS-X1jAq1axCMQgqXZ5v2bwE8bpFZX0r4IueAjGaBIn7akCWtIB6jScY2-g0ThiSSg,europe,EUW1,MASTER,869,599,562,51.59,1161
rUX2m3g_LZPvaL7z7dFtsRAQ7BKUrzo4dumUs_bM-7ZVUy6VBb_jnl-Fn7pCc4t_6IZBgbfHQchO1Q,europe,EUW1,MASTER,869,557,473,54.08,1030
L1BSQTLmlaLCRH6hsrQAjssIpy6F71K7zHflWyA8r9mmHVuhykETQ2ttNAfXaVb91iLrSV3W4cEMNg,europe,EUW1,MASTER,867,581,556,51.1,1137
9sXMkKJmg8T3D_XMRIns7IIp-6NcuOaQgNaDXfu0K64pqmAmkXHqJrrgGRLs8AvOU1OpGFwczxOtMw,europe,EUW1,MASTER,862,615,587,51.16,1202
cFul7FqWIFGsXGfmPz_tWQzYh2UTFfRR2jgX3SSVc4gK1uhfVknGBIonj5bXUrubhGKgKu-F35v9eg,europe,EUW1,MASTER,862,535,482,52.61,1017
9JWhZeGBv0ltnoiN6asPvE9VuHpmo32Ucq1tC2_zXEMZ76oBrOHYMFEhliPOgOdzqe46SAMkXQ2-yQ,europe,EUW1,MASTER,860,748,737,50.37,1485
LgTEP_zEcIUCdWfzxJYv3ZhwyZS7NgullAuH-hwKMOhaWhBHphrfK2SuBR04lsdA1fpCkE-ftGE9RQ,europe,EUW1,MASTER,853,545,536,50.42,1081
vWe52EzXaSnhl8CsXii9j0Ef8P4MtnULNXQ6ICcJ4sqn5CIKzcxz7Zx1iEzGvOwA4JU9N4S1zYEEFA,europe,EUW1,MASTER,851,567,543,51.08,1110
0dg8-I8CIxHGemfFNt5ztZw_zGEHPlj-sSiYrnWmRNtNMKpxH2wumGiEQyRPIcSnkL3mK7P1WeVdYw,europe,EUW1,MASTER,848,530,501,51.41,1031
mutpBDk3nhUeBL6jFVmgXyuAXfE5Cq23kiWu0xNvckJO6hYOYxGc1enO8AuL1POcb4MBnvihh2o9yg,europe,EUW1,MASTER,844,729,705,50.84,1434
yMF8Msr-jIvh5k_7Jw2XDZXB62on8yrB_Xss3lbm7511O5Twnqc8QRdWqaF0yg8XI8_6avkvQqUQaw,europe,EUW1,MASTER,842,617,625,49.68,1242
8fjblPsboMTjmmT7SiBjRlCxfSeDvlfL3iSXexI0CzPingkg8Z8GuMTH5lMYeaS30J-uyBlll5Mixw,europe,EUW1,MASTER,839,523,487,51.78,1010
uJpXNa_Szfw4cNq3HR8f2jNUBnaPr9W8A6mBbTKuC9ybFr3g9LvcMfjpLiswCgilUuiA8wxYEskinQ,europe,EUW1,MASTER,825,509,474,51.78,983
_uQGg-0ZiOaCKxdmlzOe4s4P39rbQKaZDgBrRQ73_TPL9tUG3m_pMAZIu8u4TsBkKnGCHDR9r3CHHw,europe,EUW1,MASTER,820,549,553,49.82,1102
fFgV7CE47VPQUkz_a6suFqBvmGlvrN1WeL4kqmsHRGt9LYFjvSs7jmTeDmkvsAuaWGo2oQg8ySUB6A,europe,EUW1,MASTER,811,658,627,51.21,1285
PqAx6xwVLglHKUUjjmX7EJ3hzurKSAMFsnq1S3c8joNTz6H_k2bD9cUSbIldFQiquMNShgJrgewHkA,europe,EUW1,MASTER,809,538,494,52.13,1032
6SV4hQ2fjOEblZKuV6Mh5NeA8cEx-d_NN5GB9vMKx0HZynW_Pa7kcUPZYn58lbVXCJg2TolPJU6i3A,europe,EUW1,MASTER,800,596,543,52.33,1139
lSeo5ZgbfbZDlc9KoTdbIVq5PN-AOXEX2D1IfMw0ze3PPk2WgEKy4OJbYBeE8S3KKIGtQE_WjaZrdQ,europe,EUW1,MASTER,799,510,473,51.88,983
eCxl6zou3Son19arYa1-owD5u97Q_IWMeiUqk-m1k4AZOnuj4yCdHAx7CSzpEYlAjDmVDSAoghq6zA,europe,EUW1,MASTER,798,561,570,49.6,1131
DqjuBAu9UTIO4EEOgh_i4pUzmxUS439YG1bEL94pd5MWj3OiBzMvgYMyK5rPI9KpoNT8c5sn-HIE0g,europe,EUW1,MASTER,798,537,524,50.61,1061
PS_G_HZCM6nM7AOA5MlH23NoHomrAITXyX8aBLJiFMMWsB2nkx9sZYKQD0TtEl0_n_Xi8XLmQUeDDA,europe,EUW1,MASTER,793,757,748,50.3,1505
fQ0YknVBgMrLKZ85I_hcOrk92xWSth-v7vrP00Q-trIiRoLC7dsyBMtKGL41DbQO0eN_mXfWG7E7_Q,europe,EUW1,MASTER,790,596,606,49.58,1202
1VXBWWpGYBsl3kxlUpHYpt1LDQui3QZ5xvKteMtnoDyLXlW9DO7npV_xdaQ7N6lky8q_93vpqqAwLg,europe,EUW1,MASTER,783,751,712,51.33,1463
7b_6DqgCove0-qg7zQWBAMZx4hZbZyQ6lcrls6JaDP_KZohjjVSjtFvl7MLVHocrcYO0RY4cDshP3w,europe,EUW1,MASTER,783,530,492,51.86,1022
UipFpX_8ibhfWAKmg4DsY5wi5Q4XeDNZRhgskIUJh-DbESjbM0E0abgkOYmK_27-SIKJ2DB_YSg9lA,europe,EUW1,MASTER,782,635,638,49.88,1273
h_cHxbHk0qb82XoLg0Uom7peI8_kmVFcVRw-1g9FSyXtE1uh7KkC47XXEAV-bvs7vdeVST5NqdSb6Q,europe,EUW1,MASTER,782,564,573,49.6,1137
9azoIf6A9TFHcr9O_LZp44O1-2aDle-sMX_PYDAeRDUcOYigE5aEwWZOG6p4ATXhod7qvyIH9S_dqA,europe,EUW1,MASTER,782,519,470,52.48,989
ZCm3A_8G-7PcPPDz-VW2ylPwYFPReiyIUxOnB7TLhakfUKZw0R45FFfbp-16A2V7ct_oKzcNDrvJMw,europe,EUW1,MASTER,780,559,517,51.95,1076
lnb_vb6G5apd6iVKxzGvav_CK8WGLCMTr7soFuZg9uikqL2d_peI7HyxciOzTvNv_JPrvY0FTMWMBQ,europe,EUW1,MASTER,779,940,938,50.05,1878
L1s8JnahxPktrTAaU8M-HxBqG5Vyhw8TzLZ60KEwekPmv5YqqwsYqUBpErjeT7tmIxMmk4sKgo0Muw,europe,EUW1,MASTER,778,633,594,51.59,1227
MFr2HavR0_sGF0cZa5pKu4yQ96soSPdUJCoNNheNIpVgPH-96_vF31noLV4r6Le_YoJIHqJF7aHxlw,europe,EUW1,MASTER,775,514,508,50.29,1022
SAx-4yGRbl0wVf3rK3Cry3ADCN89GZCXp-xqr9LTh_Nuo1kfxZKK2nSby1c4550LAPeGQV0etxd4eA,europe,EUW1,MASTER,764,510,482,51.41,992
U5vhJaMLzB72M7-HvWIzrBgpMAtmAbtGEutkSsvGNV9RTO7ipMb17gjY8F3lTdl34zXMyppBKekKIw,europe,EUW1,MASTER,755,548,547,50.05,1095
WolEvyULBLIhU65JE--sQnewMlu1m9Lbsjn01wgcSB9MYeNTuh_3D7KYOLv8GWlbB2HwBGhdChgDSA,europe,EUW1,MASTER,744,518,489,51.44,1007
mUtTIJF70SiMBwvpyi-Bfk3FK_eXXFZqh_KifEyyGDhgqSRquXCp2ebbILwkKjD7UkCrZs2NpCb5sw,europe,EUW1,MASTER,739,672,639,51.26,1311
MyhlrTEb1vVTSMSdw5NSgmFv7_9ZWQWxVi8mRBw3SsszzJH_hPztDuiJ8EH_akUM9cVR-L7m6cOqJQ,europe,EUW1,MASTER,739,515,502,50.64,1017
pM1lH1X9Klnra6X7TjKQyC4-ssmLZv0o7o5r52aTHPbWyXRk2YoVZs2Hnrfzej1kpVONYEswDUfJKw,europe,EUW1,MASTER,736,554,537,50.78,1091
uF5IU34q712WEBqphmTr8yV89GOkdxgqFqhqGRw96mjMOf8ekJ4RbuBSTaIungIYe51bGYwIiTc83Q,europe,EUW1,MASTER,735,516,505,50.54,1021
mhIZCcYKvBmqQ--evzmzass_VHmU-Rxpr51HubRhVdlFfA2S2vQPAsvkYkmnI2xtY6QoGZZ08DkMeQ,europe,EUW1,MASTER,733,582,578,50.17,1160
kddSRCCq1M7gCl3WJeCY2sK8lyhZP-73Pp81w1tbLbcKecBYj2Dx_BX4-tst2a4orqUVxifSYUCfaA,europe,EUW1,MASTER,731,656,657,49.96,1313
S4Ze4qDzPZlIPWi1Y2Lk5cvS9h4jwa_XR-Dpb8HIUuVclPMgnOMb5WTq9YFNybVVFcSft2eWSIBg1A,europe,EUW1,MASTER,730,503,503,50.0,1006
092UmrpBIGpn2CgJWbsI43-REiVSt9crEOs1FG8UuE09WyRuduZkVAdgIhbT6nJdwPudISUmnp7iuw,europe,EUW1,MASTER,718,533,510,51.1,1043
yZcvGWmut_Bv74KWaKlJrjZ6uDogfXLmx-Ld7DKLbIfMH5WSjDq5hOBRgJ5vEoaCvrkC5XtGK-GEuA,europe,EUW1,MASTER,717,543,513,51.42,1056
c6jflOS0goLzLqy5cvAWeleins00Tl1dS7VizmpIfEubcgoHo-cfI-DLXRlVvG65tU2lypZaGbmiSw,europe,EUW1,MASTER,716,621,631,49.6,1252
y1tN_9V77eXSuikASKfgVQ_svfd0sVbtkppNDfbWtAmgYsj3raLg0-deFiHFt6Wj4gHG8uKgyCkVxw,europe,EUW1,MASTER,705,541,517,51.13,1058
8eaHcxp-MTH6_EV5r1ZLs4doQjr-LR9h0gpwzzsK_f8iFqS1lSMbXdPSkDyIx6W7YquIGubEaHGK_A,europe,EUW1,MASTER,703,663,641,50.84,1304
2RxLdZa0dzfM_ap9yQW9HHPJdNdQxcbbePOYOw41LH-A-SHBUBD-QauG1ynjeLLHys3aygtAAdH2eg,europe,EUW1,MASTER,695,652,617,51.38,1269
iCYp2Q6p0mAebRrQJFfb3x4fo-r8YHH4QJvbC7cKxnp2Qt75O7XywuWPZsljqB7QPRxUec00nK3zuA,europe,EUW1,MASTER,695,568,527,51.87,1095
Ba_pkBll4ZtaFB6ljtqOpOq_VV_BHiVGdALqJRfM8JzPBvUmj_W8de-1PgeKA-MG36y6XdPjVbcKaQ,europe,EUW1,MASTER,689,520,498,51.08,1018
YlKjdJviDOjhzXiz8DTy7k8dWjsMEFDjjDCxf4fUmjiscgjhLBsAvLN5WBcrnnpUHsPOyIL8Ct1rhg,europe,EUW1,MASTER,688,755,746,50.3,1501
PfATuMJG5k03qLdneqDrIydq1L9SOPIyFriXZKnqIl-5uRLBnqntIbD6ak4poB247rSypGQtFzHIQA,europe,EUW1,MASTER,687,564,557,50.31,1121
tT2vRw-w5_hRUNrNjf4t82gbiaunNvYf375ZyBgPQBDDrCkptHIqFE2xdWL9tIqVt9w_q1w2fiQJFA,europe,EUW1,MASTER,686,501,445,52.96,946
dHluWgU5z6iHoP14gXQYOCFYMc92rVe646hVyyrNdqDIf8_JXoOwigETROMK-YbKWl-xR59MxOms7g,europe,EUW1,MASTER,681,529,517,50.57,1046
BM0FD_lTpD3zYNd52SoeamAfoKHqhIwpuPM1WbTM_ChuR9bDp2wSarqh7UlpNlaaEzSWyidNqWRIvA,europe,EUW1,MASTER,675,545,548,49.86,1093
z1iEqXk4G1aN4iDCj1rv7FrGzYHa68YzLWxGavXzHvmQEwsQNcFfVgIRKX9T8bz6G0uzYzGp9PKsGA,europe,EUW1,MASTER,673,936,916,50.54,1852
k5ms2UlJwxVNxtr9aJI4vhLf_udTlL1O94qKNDXIVSBqTqfMAgKFlCDVhm1tWgOLIf39HAVSgGsRrQ,europe,EUW1,MASTER,670,777,779,49.94,1556
gH6LvvQM2eHRiW2Xgqam4V_AfJL1rcOez5AAhvec6yVXgC_DNm6-SQrdKOk8P1JldHcw8XRwA8JUnA,europe,EUW1,MASTER,659,548,528,50.93,1076
djad6R0QRMm-pTbPvW_rSy9A6FkDE9goFhARMuJlbJdEHyLyeEtC0wHybeYuuadUyB76s1k0M_aZ2Q,europe,EUW1,MASTER,653,607,585,50.92,1192
Xz7t5aLR9QPH22NpGKhvbBiYEfd3A2-uhTo7drBt5LSgbY-3F-cvI2DXNzIF4JpCVA-rr0ak9MpiNQ,europe,EUW1,MASTER,653,548,574,48.84,1122
Xy7RX5navqIQcWnRbIEUFGDFjjMd81mic3gW9WF_HBBx_iR72k8vzyb7zIRx9sgRXqqVxLdhh8lfmA,europe,EUW1,MASTER,648,583,565,50.78,1148
0s-Egoz0PxiGlWDVD55Tl2ODH0oGCzfzT--1NcpPrUD_IliKlIp2mmwbUZuE0dhIa4Fv9tXMazP2dg,europe,EUW1,MASTER,646,558,538,50.91,1096
6qzAFLP-Z_ht8iO_VA2f6Z0lOkm-Y-OZ6GVl1HrNES6Diq_X5NeMcfboid-cnblFgiUDEhP9XPufpA,europe,EUW1,MASTER,641,522,496,51.28,1018
NgGRF2Xh01Q3qVg3YYHff5Se2QOnRhKV3uixv4kAH6Ut8Cxp-pNVIofzf-XOphg453VrIpkobfBQ8w,europe,EUW1,MASTER,635,604,568,51.54,1172
C5Ndhd7RW94o18CTjSp_HjmzPNGPup0kqB460hC_X8w29lBEOS8l8-Oi6o8mk_MJYQiNeFeRVVIdig,europe,EUW1,MASTER,632,845,744,53.18,1589
y82axkOE2gGMVg9Om6wIJz7PUg8SiuVECyvCsanaFia9KCJm6XBCexiagbjlIAHOHOK9ZQWy70utgA,europe,EUW1,MASTER,628,662,633,51.12,1295
93PPc3bqnjgAgs5tx6Taqbd5VW8dYWcS3ZpOGaodC9K7XdSyLHi8HdfTRrfOutZ2IFb8FSmD4uPqlA,europe,EUW1,MASTER,621,539,538,50.05,1077
rRhQud2vgZKaexnZGLLBl4QnSFtTL2cx8V9g-qlfkiVAWQYquBUh4AKzabaB9ci-PneIxUlo9GY2Sw,europe,EUW1,MASTER,620,506,524,49.13,1030
mgv63vnmrynu9Ph97bH3SZesSG6cu3IQfFrBQlo38wpsM2Dz3yv8ppeQhtGc1Y43WVdY9wVX3EB-ww,europe,EUW1,MASTER,619,532,516,50.76,1048
lYHi00TfI2Ch4tgIJjwby7zgSHk4L4ZJnB_pH6Z97rNqfP5k9W27DhkfXr46pUUwDgF-_eAjYK_HvQ,europe,EUW1,MASTER,616,600,610,49.59,1210
ICGBIB6dsSHr1DgLL2I_-0sZ90YMSIDKN4Kg61zEIIbyv-Er-mEh8bag8QoXewiN7xesBRoFk3opAA,europe,EUW1,MASTER,616,504,485,50.96,989
8ZXU608ldHIevMTsh3AqAixpfNnYL-qNTp3RupIlUolhUMEhxkFTarfRspxyUXiVxnFjZ5MNsOqvWA,europe,EUW1,MASTER,615,700,698,50.07,1398
sEZPxUhiVrOtAbex65hwzw4j_6N1KUW9cBfbgVGNchR6PBSezIM9Fb6BEew3rbsTTx-2RS522znaJg,europe,EUW1,MASTER,615,522,511,50.53,1033
S-C8KrTV8_74SvxSDFYlJdGZPkC50Furx3OqSnNAdRrU6VzHqK64c5VcWdkXnsQvHkehQI0FwceNYw,europe,EUW1,MASTER,614,568,561,50.31,1129
1qdn3GkvyTOOSmXnVXhyWtmM8AMiEc5pGTEBANXhN25FyflW8hIixnEF8ZIvCi_3vX-gF4EFDaFrwg,europe,EUW1,MASTER,609,501,503,49.9,1004
01idg-CAxp8oyIWraYxdXSTQC3tcF4oaQrIP0R2sVNbrHGVBOJQT3VZYBCApm7ofzg6S-FU-NLLDWg,europe,EUW1,MASTER,608,839,827,50.36,1666
AGIiKzVOC5v7bZx1Wl2wmvaso7sJCcWYEYUBNzHsr3v2w-8zcHvVGaNFnxyqiXUVvz1SCpf2w7x3AQ,europe,EUW1,MASTER,604,507,513,49.71,1020
1UPdvRkzQnXwMZvUMBMirKoHo7toYTLE4v8_Po-YTvEX15hB-t2eDcQhXD1zMYoe_231EMxzjXCjxQ,europe,EUW1,MASTER,598,543,550,49.68,1093
bSwZz47-mRDze1FOORD_Cxx9tLh4wVtXiCbnZsGKB5vmgfhWljc-RmgcVvhd3fKQLk9agIdoZNTYvA,europe,EUW1,MASTER,595,512,515,49.85,1027
gPGwvZkUk3dH8zyPH16y2B5JNAIyp6gG0N_ClXcM7vrCv1HDx5cr8VTK-hR7ZEEqKcs_xG0ir5hsQA,europe,EUW1,MASTER,594,650,625,50.98,1275
joEJI8fhRyWf6ejuGn8mZxmEdWcbJAAYq_a3lZo8Ii5yyFyJJohNG_g3cDdJkoxfafRYcGS17E7gnw,europe,EUW1,MASTER,590,695,700,49.82,1395
ymYTesYqhPomB3FzcEJLJzZErXDXd5ZgacmdphDwQOkEMTUBsuvqS9bl67jLvbolNuqF39QB-bjVOg,europe,EUW1,MASTER,582,715,716,49.97,1431
sSqV7sqG4rpbWlpbieN55w6255JoSKWx-hgZZWrl68FnG7RTH9feuEt1zGe4ZvLHRN2LPh5yd63DIg,europe,EUW1,MASTER,582,530,531,49.95,1061
Ctn6ZPmUBIIpGco6DkCqEuiy6zhu0--gC9jT2GQweFDw2yj6S3keWN1hX-N_IxBkR-9mGvgNxZfzZQ,europe,EUW1,MASTER,581,508,512,49.8,1020
lFeF8Ilvmfl0W4vwi80zFmpHCswikb1066rHcYhBe7COgsQGMtFDjc0CI9b9wTYK7e-L_F1QuRz7XA,europe,EUW1,MASTER,580,650,647,50.12,1297
aSVwJgoU_qc0WYrlTNfGVxrwSqd_jhrFEFCNvNtv8QOvxMZdSzKdjm5Ng-9FKG48JmlzyC2NeZfuyw,europe,EUW1,MASTER,575,695,667,51.03,1362
9oWGDawHwMosZqeDNEyMhbBhdTekTbJ19t-bzDqxPxwHrMahmmONvnbt-3ejOBrv_XQU9nd3msw6QA,europe,EUW1,MASTER,571,535,497,51.84,1032
hm4cv5xvTMYtxNumf3Xzwna0EMSW8NxTf4WNm2dt0-0NTBJrpPZXt6ZN1usPpEfJXi6TY0ejrjpIgg,europe,EUW1,MASTER,568,531,517,50.67,1048
X0niW9SCI_kvC2Jj0fbtC6vqa5m1G_6oNjaY31_anl-iLat0lYJecdOPTnaHQOWIklBRVEQjc9m8CA,europe,EUW1,MASTER,562,534,516,50.86,1050
m9P2ZyKd-46yH2nf8hC2ftT3IkC2yjIWOKQb6V9wETy0XFVV0JyQ5H5BVIHKuiihZaY2AdbDL_Q8PQ,europe,EUW1,MASTER,560,503,468,51.8,971
xFY1SRrx0RJpe6uccE6de0NXPjyTzRaC6Y6go9-3jD4u85604ovykPYy_ScJuu00gOQxKP1hba0LVA,europe,EUW1,MASTER,557,533,542,49.58,1075
dl9CLyIgwHd0HFAZ3F1mxZRhhCV3FavJDipZZhgIWdfSTBz-XczZGGBcKDH7vbUTUSq5Lio7oS5elw,europe,EUW1,MASTER,554,537,521,50.76,1058
IreKmTWnbzQBk0fZDmBGPsD9uDqzuWHvFLbKvZSaaac94349n25fdzi9D9ZVe2ZXoIymsA27sBKYVw,europe,EUW1,MASTER,553,747,733,50.47,1480
DObSHdwQy9wg_M8BYoht6FjfAr8irXUlxP40QKSeHaTN6G2j2VSwoxQ_E7vOnawP-T4Yk3DLpEXzMQ,europe,EUW1,MASTER,550,750,784,48.89,1534
cAN7lXvtCECqv9Af1P0BCR2x1zkEGfKQUL86ta6hVoB7t9bY4AU1v9ALBUbN3v_mMDOejQjRr84e5A,europe,EUW1,MASTER,549,667,671,49.85,1338
uQ0T90ZA8pbjjTeDXLtVY05wKvS22u45syN-r7Grlh5Wk2VE0xdSnxvFJ1dmw-wjtLQC5cEQ_1l4KQ,europe,EUW1,MASTER,547,583,592,49.62,1175
-CEXDeU2Fb-25Idr2988idTjHoTfzT2TJL9fUzP2lXnuXGb5jXP_2kViMdBNwkJeDEhAsx54qdL4pg,europe,EUW1,MASTER,547,542,524,50.84,1066
Vx0wJxm0CS4Cdmob1WZG9OkbVWl2mTJaTE9Yy8ox-zV0FJAyk-7PqahRO2qUZ4zOfwIprBV1puHxeQ,europe,EUW1,MASTER,545,537,518,50.9,1055
w7N8ULFJeD3LWUyIbgwwqYKQRDmUzhmhgFxzLL9tGBp37WpmWjBm4-DunVKuQGOehlCM9slX_vNZLg,europe,EUW1,MASTER,536,613,615,49.92,1228
mk234QgvOYsOQe5cQ05wPszoO5eQKuzo6H9pVWmLrV05ZqFTh_2vRrw1oInoeQvGcSaKOB_x4g1KIg,europe,EUW1,MASTER,535,552,501,52.42,1053
uTp-ApWlBLIiwqtw9vqKvOFbwjKS6DZ_J4KZlPkV2XhWhptNi9jOk_HN1Ii5Bkoz_gV95GtVBbHwpg,europe,EUW1,MASTER,534,630,620,50.4,1250
r-a9PqmpWGbDiFbkLRQY6zGlCZUP-kA6CpL5BYoCu4nNwaEIlRpCUEXjq4rqUadUdgGkgrmQJ11zLQ,europe,EUW1,MASTER,533,594,599,49.79,1193
t7ETrJQLUABT371qUWKYoWQdL5edKSzi8FGmJKnB_b7fTRKIYxV5bHBJcZIZpDjNxiIF8aoJ_ey-3A,europe,EUW1,MASTER,528,546,532,50.65,1078
9OsdTSCPVrnhL0QgXh8CvSSeW5K2IeJW_j-M7KOIEMQl3bxT8UIHc-9NWChjkf32TXCLh_df7Vhcuw,europe,EUW1,MASTER,527,634,616,50.72,1250
l75ItFEUYAlPiZm_Be75iFAdzL7GRoWZ6mVUU1eCk5wNNTyStQ2QfDmxHr1F4naQWaqT59XgLdE4QQ,europe,EUW1,MASTER,526,506,465,52.11,971
YHGB0ACpe2eBnGFGkNIWHVp6p2R1iKBg4tU4gV74m67HE-m0V5nFNKciEzHkmiGluxytZnYzo7A49A,europe,EUW1,MASTER,523,512,500,50.59,1012
s2832jkxCyjWVJSPDNA9beQW9Pwk-OmXE3d8MrDrdxvAlW3E50_hpGkOeELZZt1ScH-PcqCD4_YvmA,europe,EUW1,MASTER,522,633,626,50.28,1259
NRrjMpeYv0OoVHYEAYu53Ua5s4OEyEUMS_CUqo85FZTeFkn-eVoNP9Y8rGuim2bb_ZxhN9djiPqDEg,europe,EUW1,MASTER,514,539,536,50.14,1075
fXfxoExrMBFmLc3aCb0gBKKLcriI-Be3XYyFQt1AF-10gWBxmqwMNYBSknf73IIB2yYG5N_EwqDy7A,europe,EUW1,MASTER,511,548,559,49.5,1107
_eCieCnZqJX9E6ykIkPT8oc-H8dDjDHvL65Q0rxuxaHrIjZmpigXGX0sYR1F2O_73xaLu8jRYDEUvA,europe,EUW1,MASTER,509,726,733,49.76,1459
Nk5bZh0fcAnB_YDCj4h7pfNWCimQ_zUb40GPAFkdPEXIG6Yxs-fXvz4LsBairf41X4ktuaBwPZim5Q,europe,EUW1,MASTER,506,548,555,49.68,1103
JlFOM5PkpUKPF-j_ax4HAB8xpqSJttauK2Cuqhty3Tbcsm11qlYjp7g61nvErd4WUyqlmvnZ_8kK9Q,europe,EUW1,MASTER,503,522,501,51.03,1023
DveRTto-x4tajttAKjCG6RGvvg4p9EHQUICi-T4db1CZ0gVudUJtOF9FUylaHmYHTFd4hH06h5_vQw,europe,EUW1,MASTER,502,526,537,49.48,1063
sSezYIERwMhnCVK5wQFnCERfMuDyzrj94bFRSNWYk5MtX1XhMfOu5iQgdQYH_xrwgfT642GGkkcX-Q,europe,EUW1,MASTER,501,534,525,50.42,1059
3Ei_uJnjhrdR_0h-QMJSo-FJtFYmlB0kJf9pE4q3OMii-RvPdo42bVY-Js-P64bqTPv07WMOWpDMuQ,europe,EUW1,MASTER,499,532,531,50.05,1063
qc39yfvR8Cmng4Oov5nM-i01lEIOY5r0mYkvHc1D_hJLbPxuxLa2k5hvzsfvx73NnmcgSaN3KigKuA,europe,EUW1,MASTER,497,589,563,51.13,1152
guqAUWg1u0YjKBaoaGm8jVq4rlfmq8QPM4mjxHj8StDzJDQr_a0DzuA4A7gdPHJm0UODySQyFex_ng,europe,EUW1,MASTER,497,577,543,51.52,1120
3Nu4oMWk1QInnTkygnmCzNlW7M-t7WkCLmyCk5d_phqhg87uUJb0dMwnSwAnIi-jIxhB7MdjxU-JrQ,europe,EUW1,MASTER,488,541,531,50.47,1072
p2isRe8IwBnKCtGtIfxzKM3dk_5VEYkubUhOrcN7163qLVlCuCw0Vy_USxdsgwIvIAF2x_nSPF0N6g,europe,EUW1,MASTER,487,639,656,49.34,1295
1lxVEHEGQWJ3Hnv3bhEv4jlinyx5-ACYPgm8k0AWz_FRvizokSgWpz9NfkaA8AIzJmun-eiYDehFzw,europe,EUW1,MASTER,481,570,578,49.65,1148
Mgo19TYW1yJ-AHRILgynXkJ4eBvS0f5b_fY6JRkLX0eyuii3L920_M9_EpqS0lgJmcJ2zCM4kaKeYw,europe,EUW1,MASTER,477,504,442,53.28,946
nYdMkpOPiTsoMY1qWNtGp5jPnFFB9H1ZGjpXHhywkcXl2LfbNyMC-7UCqoseUUU_FYaI0YxWUdO5qw,europe,EUW1,MASTER,475,554,470,54.1,1024
3eRIQhAlxhXKFWgmIPgEYV7kL0__ELg_aKiHvl56ZxVX-41f4NUwIsqO3KiU0VO3Q0T4uMLTvv9prQ,europe,EUW1,MASTER,472,502,493,50.45,995
rWUG-6V4UucTCvWOMKrtjakjj2UHThufb6eFwiGxp7nmDUG0egFH8CgDM_sGS9Ug_8olSCWCtoYHvQ,europe,EUW1,MASTER,466,532,529,50.14,1061
o_nhfXmWQR7y0BCGCjqOMz1TJjJI7smzcG18PPsLbCo9thlvMkbrsLDgiSsn5X5H4ICCFou1xaKh9Q,europe,EUW1,MASTER,460,844,869,49.27,1713
_CoWGkWEM6SuJn6PUzJaa8HFQu5V8FVyClrRncRorw8POl797Ug3WkHRjIq5p3SW0CiaHsio4zoWMg,europe,EUW1,MASTER,449,1057,988,51.69,2045
OLmtfA5aVniwj-KibH7AT_ciBzkpzWyiHcPuIDEptQERebMHvRAP4c-nCTXwVlW_Cpm7WaINxVKqNQ,europe,EUW1,MASTER,445,521,495,51.28,1016
98ceZJ-PQnUzhG4vqQu1BVLzLe2E_Fg9VE3y6z08vscMcVByPhdrZWDRwQ8rz6xGg8iz_WNO8_RCFw,europe,EUW1,MASTER,444,747,764,49.44,1511
4jijKOaM9QD8IAWY9VKwWG3aq8fUEdpklBeBd-1cuJ8QndA8oMe0oJNB6DHziQmIWgtjbgAy_jX4hQ,europe,EUW1,MASTER,438,567,560,50.31,1127
Ignl8gWC-NTOGaQzOOEQ-cnV8ogRNROq4-5FvGw96z7uuVUzQkIuo68GHDb0T5RaKgbBuoveh_9sQA,europe,EUW1,MASTER,438,515,488,51.35,1003
04Q-Qck_HpwpAJXnUzBK-KiUP1pW350KrVHIBUe9-l9tG3lp4f3KiklqaCuYoUy_aji8ky5N9SAWag,europe,EUW1,MASTER,436,693,722,48.98,1415
MeWCvrqEr4D8RQN-FxgI-TCFESCvC3IiGq7JOKta4rIwWse-mRQJbklxKSVGTeI2-nVCQRGmDgfyfA,europe,EUW1,MASTER,430,582,546,51.6,1128
O9zn_XCC-4Pemu_RglZtJtdlRsx7EquyfO4ParPGZ6iMDqa-v2-_XCHxPOLPUajUxhqdRohl3NldMQ,europe,EUW1,MASTER,430,502,480,51.12,982
tDmr3Bm7chYSh6m0LTMlparUW8JtqU_rrUAeupfwFqgTrfjYCyvh8d2Mb7M4HDxaW2HmzuHzLiJVKw,europe,EUW1,MASTER,429,535,526,50.42,1061
MHgZpTPcZFRpJ3eOrpOlSvqTJ_mF45OOLvZyyld-l3M7d5m9QWfgPCC3OI07BU-Y01HkIQdCMOoqyQ,europe,EUW1,MASTER,428,510,477,51.67,987
L--JI1tVcgflOmKP4om6vDLoKF1UREVF5-i7C_6yF7ahlqqtTfL-6x--Uh4scYrd0vdUqAYH4UUEOw,europe,EUW1,MASTER,427,566,581,49.35,1147
ZedxHKkC6Ke82-rMCx57z5YbcyT6cxgq11vZnr9RlpuIna9IhGKAjeeMiBDmK6eBOesssAvRgbIE5Q,europe,EUW1,MASTER,427,522,507,50.73,1029
XOeff3p8l3RFh1mV2vJ2ZKRgF8zQzlFEiTUsRlAkM1Tt2hV-FxXiIljxINSphRo9mmBCwgmRIClJqg,europe,EUW1,MASTER,423,603,580,50.97,1183
moaFV5CU1dB2Wudbh17UuEl3XKVAH_md1BSwv2YOk7OqnS9XEGvGokX_9VwWNXHPaWeqS4uEVdKDcw,europe,EUW1,MASTER,420,1049,1048,50.02,2097
6Gbt444r-sLFVpmNmbsW-MmbgZUygzeldYJYkMwy5bDdUUKhu9BMwUVi3JsAFKWNSBUItw1eKXBFJg,europe,EUW1,MASTER,417,663,669,49.77,1332
4VR-a7bga9hH4iko_ujxnQrgAXCgO7BEo9WZ6uFwnaKmcru05ayW9LmkEms13Mn4O9LhTqDdFWlPng,europe,EUW1,MASTER,417,507,530,48.89,1037
mFFRG6cXTqzR0FJwEiGCPxwQDuviofhlFlD9_qLzuKiirrulCe9m2iMFmodegYEib8EkQqeOBYN6dA,europe,EUW1,MASTER,415,581,578,50.13,1159
CKbnei89jFBQqTnRjkBlwG3dZNv0RY-UhqrP9428Q6iAg8xv5C7YByB4nko7QUKiHuD-R-ETcfRY7Q,europe,EUW1,MASTER,414,518,486,51.59,1004
PY8oXT_s8vr4YTSpjMdlDJsd2caOg8g-aCx5Ob4Aw__1e-RdbP27Yb_98w3OKcURUd49M2Ig0rYfzg,europe,EUW1,MASTER,410,515,526,49.47,1041
M_wQHvxJ1nNxJsHbJe-fOUNAyfu3O3nJrLuSijVoYDuBV9fdm0AoRgiEmALklHWK1Xea6vkW31BWnA,europe,EUW1,MASTER,409,541,560,49.14,1101
tzk6RRi9w7tGd1DiywOXLZQOTnM5YLA14EltamTyPvvTflzKZvnf5SyAL_IdgkQaOvIcpppZ_5ZbuA,europe,EUW1,MASTER,408,673,672,50.04,1345
wLRw51O-c9QrmYH8-whNKx4b9P5hoiiob23O1pksuln-xoecW8M0HsfNzCgzJcB6hIOKnlE26v6ASg,europe,EUW1,MASTER,406,761,756,50.16,1517
Yl79cDDQBf9lpA1HHlaYlN2UNXDnJnFTUPj8MqGGbFbC5_NGLERzSG9x_Xdz04eFAfW-I9pZPAuY7Q,europe,EUW1,MASTER,405,738,734,50.14,1472
S04Eh8OuLtwVJB5hLebQ7VhQ731FYwtvOFra2DF-bhvXf8bzRXViXs-Xg_VXXKu8FIdVoXb3Bgrusw,europe,EUW1,MASTER,401,680,701,49.24,1381
E2VL9ykXcER88KFnlFrE6bPhz_fL0bAlxMvneb7dKma_QsRBwXjd4ETGir-z1MGGGW2ar5fqWiZ4dg,europe,EUW1,MASTER,398,628,623,50.2,1251
lz2kLRsK9wuz-Tj7d920M2TI_qe8Rl4wpiwlckog4TFS7_H_R58LIobLEJOuEjYXsZa-JCwAoZxeqg,europe,EUW1,MASTER,388,648,670,49.17,1318
UhxoEr64pyWDctgiKoma6LqcQdCvZNlynd5BoMpaF4eQlOd9bMAt3B8DaNA8xvNfcYW1uYj8AAr6Pw,europe,EUW1,MASTER,386,523,509,50.68,1032
S9a5_hXrQRrSgxIftyucwuiTBLTCTr0fLwReefyzcy8x5w7DFcSBnlP4eeXqMHUV5GlaSbK6MRmCGA,europe,EUW1,MASTER,382,520,498,51.08,1018
rzlu8koeyA9IeViBMuTCsK1VQQ08SEnlpA0uMchnG6Zr_w0Nky7HIjWR13vybL3KQxAjFCyj2ln6dQ,europe,EUW1,MASTER,378,733,720,50.45,1453
2_r5YHnj3JowpKPqa1GQ0TaEMcVyTWitHNZ9w1ZHPcE4Bc_K6gvxdRQpvSY7626PXpQOnbr8eEpS4w,europe,EUW1,MASTER,377,540,539,50.05,1079
F_TTSMJGaewyUlphQ7Nwn62FaFu8YijmznvV8VOhHcfiMjrmPkkhAMTp8uADRp2kw3FPBbBFJOs7PQ,europe,EUW1,MASTER,376,576,559,50.75,1135
JQKheiy-4SoWpvM3PKYL4E9IYO1748lblXiEyDy3WI9ikaQn04QgHxQEA5kiK2Md7dpQLPVbTBuz_w,europe,EUW1,MASTER,376,562,552,50.45,1114
jKDTVeMdlufd_ep55zqfsXgGoiDE6g8IpoxeovHNZIFWThgNesguaLRqmzlsTYTFpxUlEDjgnrI2jA,europe,EUW1,MASTER,376,534,521,50.62,1055
TcAdAvQ-N1fI-mrdnhuTb5VUc7TsEjZ5HR1z3MJurHymaTo2Xh5dz0cm1KRW4jncK0gdxJzXEcfBgw,europe,EUW1,MASTER,375,661,645,50.61,1306
alT_kKbaRPYSLnDv1-piCZwc1IM2vCDwczvA9FqrRxow1VaaLGNLqIh4fDe5O-PuzXtFn6jSkMSVbQ,europe,EUW1,MASTER,374,654,642,50.46,1296
gRVnTdF4KiKDUeaXHG8nlVO0zbsJcFa1Oh-I-pEK5Ty25lV0bDGK-eZu8sGiiRZKEZFx7KANTAuvLw,europe,EUW1,MASTER,374,580,539,51.83,1119
FNPsH6QGLtT5TpS4cEcPm6ul0nUro4lujcOJvuh7vkGiFgmxFXqlN9C0erk9Kwc42vdsxRPTahBxQg,europe,EUW1,MASTER,370,714,687,50.96,1401
Fl64V2g_XohNoBPq11B0WGctGbe8bdFvljjHmeP6gEyBO4qWpgtjk8i62lhVqn36CJjW3BvRqg1xqw,europe,EUW1,MASTER,359,697,693,50.14,1390
Qa-brRIL-aMROl7bMPQwRAyqCWnk_T8kp8Ydb1lhhFzuSvVTsgVomIg089n_F9PMUigruN0A-2RByw,europe,EUW1,MASTER,358,674,682,49.71,1356
GZN2c-9mbuhbKP5QAG5bGORMVQj7scwJ5ey1VOIpJwmzTE56InpO3nFCc5EcR8mKvq7NiyU5bFYBzQ,europe,EUW1,MASTER,358,549,543,50.27,1092
qSP4n3BiIy2df7QOun9F5t5rCw86qToA5eWEt4edzj0XqzIQ9lNOpxonGV7eFxmHa9bNckuLhTFl9A,europe,EUW1,MASTER,358,524,516,50.38,1040
hjvzgTo9g9p880T3yxgljO6xYNKt-2ir9-1uuJzAYQy4LYOCOkouO7gyxOJMxuszudj4X7MDX8tsJA,europe,EUW1,MASTER,357,828,805,50.7,1633
zD9lq3CY7ptFlRt_sJHh4wR57ffAMImVqyHhrvvsqhkDHt6ZUton4ZontNBAmVsAG3zZHjqeQ2uuCg,europe,EUW1,MASTER,357,552,537,50.69,1089
LU7ZvCfQqanu1h06RQbKJ5wtIU7ZtaUxXQ0TprWqRrF2GMbbLtzHIfxHUWUK1IxJpJ4188TGS9CM2w,europe,EUW1,MASTER,356,539,510,51.38,1049
8wcwGzw1ZjaZa5Bo7FXIQ1rK--Z8aKeEHe18CpTq8ZcW3rj0_DLY5Ta8yLKdaBWzsBqSKK7sFTVAbg,europe,EUW1,MASTER,353,590,592,49.92,1182
01PevaxFurtFt3uABrhA2Z5pNcSl9B_b8G-ABF6Ml7gGQek1Dg_M7yGnvgrvnNuevSkZ59A6Myi0RQ,europe,EUW1,MASTER,352,704,731,49.06,1435
4N_5UZjA39xo8TvYIC-PGCo-HFgJSEfm5EeEBIwqPJ8NWEWHa2UTOGHTwEqGepHJDhYgE4VSXnMlMA,europe,EUW1,MASTER,351,772,788,49.49,1560
gFxyXakn0PpYVgdkh1eIHf1e4cDfV2fln8wKYGj7GBqdel1EHe4p8_2MZitGtY1jDUGm5zII6zmD4w,europe,EUW1,MASTER,351,734,714,50.69,1448
5L8J-0rMfvF1fmbeEO6mKvEaxGHqr2wiwcdhOZM4MYCLzZOa_oJsqUViCc6OXE_WpHBkzpo9768yKA,europe,EUW1,MASTER,349,681,692,49.6,1373
8JmY5ggshJYuvuBwCI99F-MUsEQXAGBp-sSVbfaL-7UQRRw69Nx7GqIpnZ72tUwVFRXgM8nj3M4pMw,europe,EUW1,MASTER,348,575,560,50.66,1135
JcAT67gFV-RS5w7Zap6KMBupncKdZ0xKGoBRPJ0IxswxFDxf9tbdjqNJ1MpiPOzF6_D8xa4zQ6Zkiw,europe,EUW1,MASTER,346,538,509,51.38,1047
7zjGVH-VHoSYxd0XTWyM9xpyOUtXJB0VU5rBmTcbaC9ovNKHfKDRb_4NjCmbwe59Qhl2dOZELBwnew,europe,EUW1,MASTER,346,536,515,51.0,1051
XDC6YQgXD6IZlHJgngX37YodZc_3sSe06258R-K0c8O3TrYNmPUs5IfiLRQS2cuQMKax-ZJemF43_A,europe,EUW1,MASTER,345,614,628,49.44,1242
_gxU8MRRkdku5AZTk_SzHcRnBTEOvv8EGL9kDJOh9pDE4bxlVbrcSckFA-8PfX5sFBiS9RavGs-3oQ,europe,EUW1,MASTER,343,549,517,51.5,1066
PRy8UTu1Wr4apV57veeufty8BjNu6a9XVwKQxId_78mcnJQTFoQVOJstf7mh7ThCF-uBU7ero2aRQg,europe,EUW1,MASTER,341,543,550,49.68,1093
PDLblR8WFD7yfPG9buGTh7moSKgKYpnCTNhjMKrX-mZ84g09xhix7MEzwxHmiKa3WMuraFW9hQulBA,europe,EUW1,MASTER,338,508,495,50.65,1003
uxJBIWib_Pl7jNCdC8WirrvXwyndVZxy0mBgqJGATTaazd1vUS5FxOP9NwLm-3hYPTL0_WDM5H-Ebw,europe,EUW1,MASTER,334,511,488,51.15,999
kRDaiwP6AzH2aCYD-drw3BgQ6JDZd-OxxnqLR5Mm-VSTF4TfIfDcfvVhTORjRutpdsRPUadn51aa0w,europe,EUW1,MASTER,329,596,608,49.5,1204
5oXNBaTMtCYbRRvPYN1apfFNj-G1UkK5Yg-LimN3ngE2_d0e2cz8zKjobt81_Knh0gM5l0xBflWhtg,europe,EUW1,MASTER,328,578,588,49.57,1166
s2wPQHOX8sM0xD7Z7B0u6jYUvx2wAXuKlEEuUKv0sgOHxwITc97s4kVeBpAXWAEn_o3G2ErfTZaMMA,europe,EUW1,MASTER,326,543,537,50.28,1080
XzYeq0iYAtRfmADS-LzUyo1KwS2y6LRy8qPgtLbHN1rR1q83fQRzbxyriicOz7dXO0N10hzHMvxHog,europe,EUW1,MASTER,320,717,738,49.28,1455
RgsBNTIA98oTRbGv8xmtmQoGCXLjTXwTG6xd1bOmnxN2ItZJ1U1DkN4BCP8DLiDxLX7m3k881Zix8w,europe,EUW1,MASTER,317,645,644,50.04,1289
sQ9JPhWYa6MRZH0p9-Ba_0mc9ipTqmJFyw3j74ZhaL8poWuo0NmjSSNMlmZdcSRcEm0IODEqKGEXnw,europe,EUW1,MASTER,317,566,547,50.85,1113
oBCSU-hHbzV-gcxxVvseMYytbgyoTfoXHpujRgw0TWdhg354SQVYckxVkwUqvMNTqmpmKdKMzuzJtg,europe,EUW1,MASTER,314,618,610,50.33,1228
r3LJNd5Ul6QtWJ_5ZAN_aLF7ESn50_CxKQFd10qQHwQ2FbpIsO_b1o5JmFwFzTwYlwXWSRFGFYSr9A,europe,EUW1,MASTER,311,678,677,50.04,1355
uGYE4gD316SFvlo7HiWwO0h-4rmrrXriRoj23-zSOGqeg9AWQOnXSlP3hGCTEGom2sz7-qzQQj_Lug,europe,EUW1,MASTER,311,584,541,51.91,1125
k54hPVqt3NtITOJYMwFj1XngNrgwXlU3P3MeTZ0DRDnYpkaMBKtRKIGt2g_zLuw6c6o7avSesiKrkg,europe,EUW1,MASTER,310,517,518,49.95,1035
yiMkktZdAa36Pg3SzJ7i9ZMML_0MzMPrrhwOUOLTrdp6m5MhvSi3OH40a_4bM2ezPpCC6imTDN0Now,europe,EUW1,MASTER,308,614,603,50.45,1217
CAkfVxbgFzSvL3GQx98hgq9RTIXrHso-5vLBuf3iq-nBSy5CyGzXH6Wlgdu5JKaIyrs4t7TDZVBIwA,europe,EUW1,MASTER,308,549,569,49.11,1118
HOZyXSHdl0aNwwhurhCXPd6Lev-Or1W-iEmb27RN5tNUxJ30mYXKDJroeIG6ebhxY3aXJFa0PRm62g,europe,EUW1,MASTER,306,860,832,50.83,1692
CnDAkIlcQuD9eXcJciCNOJIqw_Fl9Z_NIyI23t_r-vMRj0O4rRof10j_3VQ5tkwX6XoVRXsEK2XSNQ,europe,EUW1,MASTER,306,638,664,49.0,1302
oArLVMF8W3nBOTxbN_bi7_tigI2Cn5OFc-_MFl8v4pq37dHc0XMTok0E8UQMI_9vAcf1EZLg5rrXAw,europe,EUW1,MASTER,305,560,555,50.22,1115
Tnk9V_iMXrbbIUYyDCos6Ihc7uvZetuXuvjhhD_CTVRyOdJbqC7hzAx18TpFG6IVcZBYEXFTFGAtGQ,europe,EUW1,MASTER,303,580,547,51.46,1127
84_GuFfZVjZgvXIuSwgHXcE0PJlr8soqr3w-hUZryc4ROke42DAOczQkpuYNA0vUPx50zIelK2bD6A,europe,EUW1,MASTER,300,925,923,50.05,1848
mTQykF46fY7KKpm9NccjoF5ZGdaasbyv73wYOMk8TvVt53W9BG45pvC-jqcLpsO1cOHthcKEp8F_Vg,europe,EUW1,MASTER,300,513,528,49.28,1041
wOrVT0rGH1_rHgHOnoyeObwQZ6vq__FZnpw7zw0s-dooYWvSibt14Vahv8i8FpVaCF9ozISohPXWNg,europe,EUW1,MASTER,296,748,744,50.13,1492
4e6LMmY8k_gdiJVKygK_Zj2PHe5-e_M7UOU6AqDtvHl-5HXj96L3uBL1HN6uN3SzjPMTCl0Cb4Poqg,europe,EUW1,MASTER,296,660,640,50.77,1300
TjtuLOEyYk3jyIb4w0GNGfm0XaGi_fbKSvfrQCdQK-gwu6bD0YNQVG9kJYjtYIBVoAllALe4jU8Rlw,europe,EUW1,MASTER,295,745,733,50.41,1478
Q1naeMQYTcjeyZuDg3kuXPwNK43nXW9992ikBBSRmSO0Dc53EKHvsY8CvHb0x_V_l5gG3iL3Z7Qutg,europe,EUW1,MASTER,294,523,495,51.38,1018
VTF22LrFa6KI-q4AXX5FZHxDyC-tA58-U50szN_HbgsjeZJ2WEhWa-yitQTM6K83q4WypjSEG3k5Dw,europe,EUW1,MASTER,290,600,558,51.81,1158
6KzN_YkSy_4HoXF0yKpvDJU1gTHRiWOh0YGdANTvh-yw3YGi_YqbLrXuZPv7XB19ONOMMWuvFB9ZBQ,europe,EUW1,MASTER,286,519,544,48.82,1063
7AFYGfZtuKDJmbFvdRyZBagI0noQ2LV6Ld0ELnGPz1KLZrMbAM-Ijvt-jrw2C-w3IBsjfq8W3Q4Lfw,europe,EUW1,MASTER,280,590,575,50.64,1165
HNNy8yjPHDLmroY2r5wcgmdFW9NbQLqhirN3YWOQVxR-GW5OvdErfY-tzan0Wj6_uSIDYx7pfEH21A,europe,EUW1,MASTER,279,553,576,48.98,1129
J7jDwVuAfWT88mwagGtYlCFGkA4a53AUU4vEsDRT6CMJ-F4oZRH2FMoQhrTJWejtuCVcQF74RlrSPQ,europe,EUW1,MASTER,275,561,564,49.87,1125
nCt6AaoOW0Xj97RdOaWsSFG86pq-YVSPnUr__8YIfov7Z5A06sJOlm0KhQDlTIIOZXs31m9SwhOBBA,europe,EUW1,MASTER,270,556,546,50.45,1102
JfKdwGpgNKcI5W7v_8vkLS4XYBQUJfkzTHjiyDUiwiAALJcly-QF4Ucy95F0EdUtUKX02HjSrLpXrQ,europe,EUW1,MASTER,268,898,960,48.33,1858
1hgjXx7t8wAghQFdWmIVt0zbuZb0rspVtNMHg48PF8G5e5wM5JVFIUzU11IHVQirP7l708N8IozcUw,europe,EUW1,MASTER,268,596,611,49.38,1207
_87yu5Hqm6vpZFhQmRvJnWy9q9lQPAT-0R3mJ2y-sL_dR-Ss9OXxbENECSAEw4lL3GZ7pzdR0M0F8g,europe,EUW1,MASTER,268,583,561,50.96,1144
Q6UwO80XgkE5lPQOP7-TvlqQqqq0o0KQUSjceIOdv0wDtxKiJgf2Iumg1SpiRtu03-DCAAAHg_1XxQ,europe,EUW1,MASTER,268,542,519,51.08,1061
Azqyr53pR0Pxzz2tR81g1XsCHsASa3KINd-_wovKn8El2PbILpbOvFXaShJnVCOkZr6BGA_IrRCWxg,europe,EUW1,MASTER,263,615,603,50.49,1218
OuUiP4vnQmp_aAEIJUdNMh3TRoLVusHtaiQgwTIKN3KJU1a2q0dflWXXLMwm5NBQSHmHMsCZM4dyKg,europe,EUW1,MASTER,261,580,562,50.79,1142
vBgpJ3VgSAQrIF3LmTMfjRWqKgQ0pguKrMMckwJ8SpIjEBoLb-anV4JQ7-xk0jvpxnE8NwjV7A_BVg,europe,EUW1,MASTER,259,503,460,52.23,963
z-W2DVnAm9NubuLNHmNDC1_mHxiE-i0KJTvIPgxvrC65jD-VvUOyLDnTGt7DStpNPazE1PmpyciyDA,europe,EUW1,MASTER,245,598,584,50.59,1182
ak_VcBED_Z8szrD0EEXeDdEzM0oihrgy7w8L1FzgsvZeYNMJMP6GAPbn3nvt70EFIbixbW1OoEL_dQ,europe,EUW1,MASTER,243,596,618,49.09,1214
-aBbKKIsKkXjLiirCVr0C7sYeqo_YDikNzH215NC7qqFFuZ1-McM087VnJh6l3MEvJGqQ9hk8F8G0g,americas,NA1,CHALLENGER,1712,583,507,53.49,1090
67G1QHqqUVvEWCRBfBrnOsCEGmYXVqeKprrRAypQnhDHsJpSAzH6xkOeYklG6Zxaejn27PbXdpSsKw,americas,NA1,CHALLENGER,1405,525,421,55.5,946
e1jZNgRAee0j4WrJXkwIJ1dZo0U9Xzxy5h1ATTequN2ur3a51eSR4MEad70-Zs_d3Ev02e2W3TZMJA,americas,NA1,CHALLENGER,1366,615,559,52.39,1174
mPHmkjLIYkZqGuo3cWnw0t3fmLXTknVLdPZePxaRxzxT4qu0ZTfueZ52xJdZqOVLLK6uZpkwAWebFw,americas,NA1,CHALLENGER,1354,617,517,54.41,1134
AGyLh7mz1kyHRDzwnyVwwGms_1xpdpc3t0T-X6vIz-0AhklzBq9ZgdYcBxApFotsQ3LSxsDE-CUU1g,americas,NA1,CHALLENGER,1352,506,498,50.4,1004
5CrnDpv01TARh8UZxNmRJLfxJgzNqgVSg1wk8e6Lz8TJdG4ojrHa0Ti75p3UNh7n8-ECSPkOgnjYTA,americas,NA1,CHALLENGER,1345,555,546,50.41,1101
YFjOPjYOkOiVs30VkVQsTYSzecqIzv-LkikRyd-NFbu4jq30j4P7ghxSlbXIzeDhZ7nEDHM5W6Ha7w,americas,NA1,CHALLENGER,1341,516,474,52.12,990
KfTF9Wlpotwocjg3_yu8tgrPrd9ZH5MNXuLfOa5CbAUsDTe6z6mv09vXyUF5HxR2K8hGIhibX_GrMw,americas,NA1,CHALLENGER,1319,657,581,53.07,1238
ABSJNxHdBKKPDSXIZFR8bi07Ptc9dIIUn_1i22tCZBfyrUyVLTnxJdUbf32O897dA8LrM_uXFqY5YQ,americas,NA1,CHALLENGER,1308,533,516,50.81,1049
zZSNlUVeBmOFkAIPeLnHXsoJaHFQApbNFbybc7v0EmnHts1jrIVbpK0jcwXlBafJNNaN2Je2tUMikQ,americas,NA1,CHALLENGER,1273,613,538,53.26,1151
cKj2Lk89Ujh5aYM7DxxQTy39pBLk7MKbgFwkeeCvLRldhTLlwwBysqvQqRli4xHLuELIVRRqOyOKKg,americas,NA1,CHALLENGER,1264,572,551,50.93,1123
Oay7Nrz3EgQlSDhWb9F02BjctBSc0xVfqC3WyiMvazWyKFzciAdbF4mlT_-rR-sSWfTW6_gw9e15hA,americas,NA1,CHALLENGER,1258,571,486,54.02,1057
Zqi1gV6ZshbD03n0A2B1vwwwyiLMtOm3C_cVlIZ7suTcaiDxFvC9aIPN5N9vm_I5tT_eAaMsWh5jIw,americas,NA1,CHALLENGER,1220,628,628,50.0,1256
o1EfbkoxO91Huw_g6wPUOzxElH7aEU_yWGpzNcdO5eYZuTRqEiE7mfWfkFm8Tlcr2w8SQ9S1N-qU5A,americas,NA1,CHALLENGER,1208,504,414,54.9,918
YNdcG7X2bkWQkPac73DpQ9nLLvBmGJkeoz8l40js4bUawGhmtiAahJ2IBmOtC3eGSEusw_PxQPQZWA,americas,NA1,CHALLENGER,1196,622,537,53.67,1159
-ox4G731Ao8nyl4EJk-KXC-1B8dRRM19QFsozKfTn0ARDYCxrvLdrwYrzQZR9A7-W21WNIO7okEzhw,americas,NA1,CHALLENGER,1172,608,532,53.33,1140
12F46Dyl62_WlXe0Ly_gGgfc92QDLX28XnKEu9zDUfhOUUmEesfNlwCJZQ-dpurv8Jxr_jbfbTTSfQ,americas,NA1,CHALLENGER,1099,510,434,54.03,944
1w4o49J8VCvAt2NAjH7hI4BPyeCgD8cHV5C15dBPZ1kGklfHvGlUNuyooo-ebyD0OGK5T6MR41alyw,americas,NA1,CHALLENGER,1093,551,520,51.45,1071
Af9roCUma4i58XhdU7uzufRb67zCIPBRI3hJOCzvjF1WqkWy3Tqr_p2AYneVghJJ5UWrhqy7Mf_W3g,americas,NA1,CHALLENGER,1083,607,545,52.69,1152
gQ4r5xkVHvxLF714dbHx9zXsJNKN1rLsCSY_hvX1HrAk9cVyNgpHrsWR_3ZYJOjrn608FnX2q5CPPQ,americas,NA1,CHALLENGER,1059,599,495,54.75,1094
k33c_GqKXLK2c2o591YYjNavPyPPHark2t3JTXwgKUz_KsmvWZECJl9FrGtjnTT5FpCFgfYTK7Qz8Q,americas,NA1,GRANDMASTER,1050,622,564,52.45,1186
f3gQ1p9Y6BkmBcULWKRHJ1MGr8Cb5qrb0qdQGI3JSuS0kg5LyY4shfIUOmIRd9p1OB3PqpaeWV-zAw,americas,NA1,GRANDMASTER,1042,517,476,52.06,993
yoXgwkF7a2UK2NSPH43R18TtfD6wqh5J5XoogkA-Y5acs6HGis6wP2b3XzfuPzpkwAI11v2bZ-bggg,americas,NA1,GRANDMASTER,1035,736,689,51.65,1425
W73cAFs7zlMUiZvSHagoA_7N0Q2o-ikFeisnSzRou8iXBadtHVaQDCucfB5sKX3iEOJhCq-c0gMsFw,americas,NA1,GRANDMASTER,999,547,509,51.8,1056
uubEqMsPNPn8N-x6AN9_uhn3mB96GaG246unYgR6OsdOTTaJjwrAQtN1N61_uMErhquxAafWE-txGg,americas,NA1,GRANDMASTER,970,510,473,51.88,983
atkdSvBeAp9vQlzmHmCeyPO0PE_vL-v_AIN9FNFbcysqlsqYXYqQtqgWp75glY-9MfA-aOYUV4ZbVA,americas,NA1,GRANDMASTER,951,658,616,51.65,1274
7gSJl7oHlSa3_QsowYr__q8Os6_Y3DOJUdAz2mELMPSAFR05IyK4FWUaJoDckevf8AnoLo-8vptklw,americas,NA1,GRANDMASTER,948,601,523,53.47,1124
LMx73MR25q-ijRZ-90TsQHEckeXLiRMDB2DW7QygZbjqVq-T8bDY_vn5AM4N0OhSE80ywuP6E3caKg,americas,NA1,GRANDMASTER,943,626,582,51.82,1208
_3uuCR4HfyURPOFrIUDlHPhW-y_dwAAtyArgEaZrGommYutDCHt8cH1oDFipK_rxDTAFA5_Ke2RL4w,americas,NA1,GRANDMASTER,936,527,480,52.33,1007
n7GvmirML0HzqJyHb4LNuGbjHVSwntlyYWmW9796CqhmZix1DgxumcxJojfnaSvfsvFnm_xnTZp0iQ,americas,NA1,GRANDMASTER,914,518,452,53.4,970
3otUMYV6rETGgP17y_ZmuOS3GS7r0CaxCmie-25f5btEYg7sTfXR8rmEQsQ5YZN5nbP6WMr_6SISPQ,americas,NA1,GRANDMASTER,910,543,519,51.13,1062
ctbJAO_aDKJu1IxHsdYid0ld5aunHvE0DMZmsm-0ZkOePGbag2UTsK6euF6do4FERU1aABgogJYJZg,americas,NA1,GRANDMASTER,896,645,635,50.39,1280
O_Ih7NwZwv7nOYCu_VovABiZ2sGJqy0dQEgywLUKSLbpIK9ZX4fUoPwKhWa1y2ZCogWDHiv6WnBAEw,americas,NA1,GRANDMASTER,892,560,555,50.22,1115
i1MplAKboJIXjmglz4rNYuLahpnWAyro620o8Xw-RDJWUaTOtRMe03apvNBQOK3-vBG176CQcgOo-Q,americas,NA1,GRANDMASTER,891,519,485,51.69,1004
PTsDx9jBYkLFiwnzq_lvCjReu0XQ3KLP7sCvCMx5Brli6p6730QEh9HEgh3QM6cDJ_Mic8rl2BTGQQ,americas,NA1,GRANDMASTER,890,620,609,50.45,1229
idrSCVbwL4uUjbenO0w8O15UaZJvTxDau7g2bcpwI6F1RvjALsBDeo5MrELIgSZEKMTto6Ss5snt5g,americas,NA1,GRANDMASTER,884,623,567,52.35,1190
mTf7ISdowbPJGxLCliiFyDh1KDATXcdshm3MqGvaSsIfxyypWpvPWtWErWTlzWkivsaGo9k6Fyp97Q,americas,NA1,GRANDMASTER,879,518,499,50.93,1017
gTsqBKDnYna77ggTxl_sZUqiRQ0ZO5OjcQFWnL6OkarD-jaU63BT6FeEkm4kpnhI2SBQOXOh9iX9zA,americas,NA1,GRANDMASTER,872,578,525,52.4,1103
RFOCO0uxO-qkLS7CNj0OeE96UbGdD8kowKqEf4NdiczmDIRDNf93J4TierXDX8jhQgMO1qLud3ik6w,americas,NA1,GRANDMASTER,868,527,496,51.52,1023
RHabiKdpTQFC4cbyNyE-vlZQmZ9IGTU_KI4GHMl2uyeEqAGlJpZNvlpf0aZZjVM-ufZXLccju3tW4g,americas,NA1,GRANDMASTER,859,611,548,52.72,1159
OIkjj2PLH26baOkNG90fONWyzM0n7xLoJmN-ydY6aE5hQD8R6pg2YDc9KWQpe6zNSmG_8ykPZZB39w,americas,NA1,GRANDMASTER,832,640,649,49.65,1289
n3WooNzN71vA_Gyz3CyXRrHCOu_MydG8b3uJcDA_zt285_n9gzOHYebLX98ub4bevbkTdesUtQoGTg,americas,NA1,GRANDMASTER,828,598,581,50.72,1179
K7UlnuT9dp9iw8peClwqQDh0_7LLCF-N_e58RGAaxCSFY6v8gcB1fzNnRIinkQkjRrEVIy2SxFkg6w,americas,NA1,GRANDMASTER,809,553,525,51.3,1078
ebM6IbMj6zhutqocdvczb5_IJ1gRw2kL5KngPEXses-w5eeNK_QasF-SAmvs2MCjv473eIDlajKfZQ,americas,NA1,GRANDMASTER,799,502,472,51.54,974
WowsdHrFP5MwEO5MdYIn35KXGIPvukqt5avsAf7SATkhCQpE0IpCC3aOeSU_pe3c_wq45o4IhDi85w,americas,NA1,GRANDMASTER,797,757,743,50.47,1500
iciZAk_O2SOuY2CepgEezkudF_W_H2cC6q_fheR36db8nza5GMHxB9gNJL-ijiJhUKndlEu6jGq3DQ,americas,NA1,GRANDMASTER,787,521,503,50.88,1024
Ib5iZodJUCshudL9XBkmlkwe6YNuoutnI1Ey5uG9S_crKBef2f1sb9KN9NWUc2NUoaj6f0uCfEQ-lA,americas,NA1,GRANDMASTER,748,574,537,51.67,1111
JcuXv8NiHA9yW4P-y7LBDvFn84bx4xoLt_EPZEqbudVZfWOa2WcoDcptAVq-sy4g5hKdiBSkWLuIGA,americas,NA1,GRANDMASTER,714,871,834,51.09,1705
s57XMqqdvqWMNLOpik1AmNpM4h9ccOII1K4m1wOBchxGqqWcLYQo2LiIUM0RhwvHkqZilhZ_hNE08g,americas,NA1,GRANDMASTER,704,712,729,49.41,1441
afXaNU_878QoIJdGlBu2OZhn_VlYhx_HTh15Prs-pOhF0iY9_BgHXLQPmQ2pm5HwpyFpFeCueegI6g,americas,NA1,GRANDMASTER,703,546,516,51.41,1062
b0JO-e9KfhB0p8Zf_t28ksVp8blwbi60w4UurA5qJpeGbbcciw8ELraJrmuFiKMw8WKjfe-F9r_Trg,americas,NA1,GRANDMASTER,696,535,513,51.05,1048
VmZgcRPxllk4KLFfDNNg2cf4UfqIgtTb4eHqdodPHTALvdm9Oo6FdKoOPKjbJ3i8ORmK7txrY6dqFQ,americas,NA1,GRANDMASTER,692,573,547,51.16,1120
tZhsaVRqKSTNcAWEy0lYhGpjfz1aJg8M7G_lJYtEfG1fuo1Re7ILLSX3o1GkZHtquJ7QlXkaC37oIA,americas,NA1,GRANDMASTER,688,530,495,51.71,1025
8pQIyu4k9DqdY0DZn4b6utkQjPvbQ5gHTdqfB-intirERe0-U0LNpNQyIHfNY0fbPlcjXY4OgHIBsg,americas,NA1,GRANDMASTER,685,506,497,50.45,1003
voorTlsn2GS16fZWA8qgbowG5KmIraidiabplkVUkUGhHw8IO2cXvJD0qdrQKdr07yyxnndgJHBq7w,americas,NA1,GRANDMASTER,532,521,484,51.84,1005
Yc-3vdPPnJnHGBAA-iVnbqSs0wFXKYBTCkm0UJkXvAkYdi5MNsQeSf0NuOZhQHDMr8T1Ck0nphxXPw,americas,NA1,GRANDMASTER,440,691,619,52.75,1310
nQ_nxCG8c-Qyc4oiT2GmEvhFVG-nh5swKql4J_lJG7uaSs2BVhpUQMETJLxXBRSMxaiGoFrzfyqfUA,americas,NA1,MASTER,674,566,496,53.3,1062
8ZgUCwwyO79vmQb-ETM9QogkivmxOKbRhLqkaCxdjqFQc0KB19nCdZymeOBFbAuv8smShXc4iYb1OQ,americas,NA1,MASTER,670,567,549,50.81,1116
Hr2hPKzGtfsg4j9iH91QAB11de-xVs3zIGjv9_BW2ic2dW3ACUn6pazAf82-nGKVa2D0OAqjW_5kzA,americas,NA1,MASTER,658,516,504,50.59,1020
VP-gI1QL1I85a3xKDKAI8SKCnd1xnsqapRqSOAyxPOSVSYxeGPlmGMwpioXpiQvvHj5lJQT7v9yvEw,americas,NA1,MASTER,642,562,552,50.45,1114
i-rS-FmRfASvx7f94IocjE5uwr27dsXzHIlEPA7NF5bNtvLKQhthG69QHgwgRhylNbKwxn-0-I65QA,americas,NA1,MASTER,631,558,542,50.73,1100
DFttpHJfqPN45bGZYpgNEuBVAARCZYUcqWB8t0AYjNhdc1Tg4fjrV7U9xgX0LrlFr5-ItbS2B8jnBA,americas,NA1,MASTER,613,534,514,50.95,1048
CnRl8ZEh8ui_ZSUJ-vj48SROqekGpOaf0vD32w9rW4OWwrsoRahxrGAL9o8cUVlj2MzHWtnmUxJ7Aw,americas,NA1,MASTER,590,569,555,50.62,1124
RjoKPUDoUTkX57sYgXZcQ6nnXbJFv4bynr7A-fca3Dy52IODdNiOCEs1yfTEVIxSXNA4QBGRyAx64w,americas,NA1,MASTER,579,725,717,50.28,1442
jziQUAAe9Nu8KwKBfXrOZgbIUG32Ddj8FInlERiNIRAF0kuNaygVDcjIFKaoexrjhMyMWYNyfS_1bw,americas,NA1,MASTER,577,546,529,50.79,1075
iFDkzJmlpjn-22GZlr-JHrAfYXTH0R19jVfLzH5OwLkHMY9cD9w6ko38DJcS4tOn-Nb3ERoazooBNA,americas,NA1,MASTER,566,720,716,50.14,1436
QVWLQHzr_rSDzhB4fuKyGLFuvEq0FbjvGZvbUYoszRtSJ-A7KLbLKgcLZ8Vx0VpK-bWc-_u1CVhoJg,americas,NA1,MASTER,557,522,534,49.43,1056
tl9NhphFN8WYcsbjhHw_wz1JJZ2KS9sGXkpC3TX83GBGqHy9HFY48hWw5ueL_PO65SMjVcn1hPqnMQ,americas,NA1,MASTER,536,806,815,49.72,1621
PcQsrFMy_mY64IIfPpKWZ0DJw7QucunE6TLFzFz4WkIIFTQAmT6Q4qvYuWBJ91EOIcet2XY7NxUpfw,americas,NA1,MASTER,534,669,659,50.38,1328
sqR84D3duQB4Oct2m6pAViRgOMoA9M4Bw-l47n2XleZJZkDKibRNvlMqja8GkEe-OpIkU3MkTRf7Yg,americas,NA1,MASTER,530,550,520,51.4,1070
43hq3KtuGwbvdFtg1CR0yVYRgRltMC1jW3R5XVrsvntLClWnDyOs1XNwtjRTPkhUhyFqOU3GFtN6Rw,americas,NA1,MASTER,528,509,498,50.55,1007
dq4UNJKO43IfLKN5ebBIKDZeGCs9HhBgxMxTbwjJm1KV08G7cenKN-xC8IK-5p_v9m76trri8TBlSA,americas,NA1,MASTER,515,518,526,49.62,1044
3TdudtBLPnU1EOi37L1MqG7VyIYzSWf98zHABHTT8aehX40xHLtAPJfdIe09kneWJgy5xBHLxCiD5A,americas,NA1,MASTER,513,507,496,50.55,1003
aqZS9600jXkYzquAQvWql7v1aKEJ5mQ-v1ECoHUEZoZaMCj5EZkNEvOgcBoAau-aB0kG9Nt4gcf1hw,americas,NA1,MASTER,508,719,703,50.56,1422
wha0SCEN4LOFac0I6rsmk9Z1lnXMa0erNS2Yr1_Yz0FTWv5KQIDFT_E4Sf_lclyHC7wKoWlY-GLo6g,americas,NA1,MASTER,508,587,594,49.7,1181
MLfLkveG629A50MP3r97BlbzuE-eL3OcJ28zP7VvcBG_AOdF9UzTOe4-BkbyPzMbBN-LfNdJhPbbCw,americas,NA1,MASTER,504,665,655,50.38,1320
l-THGTlsqEO8kwhonm0MJE1KQGbGlyPstzLhCUEA4yPrUDgTTKIUZgVoejqqpsd08k6rj4pB6AYFhw,americas,NA1,MASTER,500,869,862,50.2,1731
nUj7lebDvpIUNhHWW0ariB2DkDxmMWzdTcVDiLHaQVhTrbj73R-s2aSCc7KEch7VPxAw7KGFFt2PfA,americas,NA1,MASTER,499,519,511,50.39,1030
KnmOZAZinSm1ja7M1Zt2u9wGF-9SjoQ50hWPQnJMcMcgXn2uW13NISEs_ApJv7VEon-73q8dRqWbZA,americas,NA1,MASTER,494,597,589,50.34,1186
oYrhPff1Cq0n7Gri0dPgZELcC4rQckxups4Quyjcdgr2tYgoy4vKVhplw8R1PxZw-0Qh85niQP7HlA,americas,NA1,MASTER,490,521,508,50.63,1029
5rGVGCLBavd5jVjHJGCWUtnnrZH4f63hTHzltZj3hX7C5UewI1W3xpTo63qTeZQlTV9Jd3N4I3edbA,americas,NA1,MASTER,483,534,509,51.2,1043
SmaljzKKcUc1AmqqFziUdHDizSHF9uKdPDYd6FMMvUhrahqtoDAekQ0ou56iqbiJ26sWZu-nmbLdGQ,americas,NA1,MASTER,476,560,572,49.47,1132
tTkAAosxqcTmMb381U35Ts7-7mK363n1fWQL9ioBRPw3r5wbYnfifHiA1DboaVp4pl51Ro7DQS0x9Q,americas,NA1,MASTER,470,648,644,50.15,1292
KBoXUNCNfvv70GYuW9-3A1yoQlkPmuTr9YP7LewfCO_KoLXvfkQecH3NkcZ0hJteCN1Guzng0yEkEQ,americas,NA1,MASTER,459,507,516,49.56,1023
8TAvu5YrBFgKJDrgp4hE1X762C2dLuOKkKYwNpXiL74kQFRaWRNeTKpB8XVhAnFZ3DpFc6BGNc1b7w,americas,NA1,MASTER,457,509,483,51.31,992
A5vusAejuhqy2CH8WXmwFw80X_mrnR_DbXmjNCQBAQg33BObWsp0pEEbwY41Bx4cdq5NIrZkAUtMmw,americas,NA1,MASTER,413,718,716,50.07,1434
9QqvzsvEIkejVObjKpXTEeYAPwUx2TLpsZFOkKjum4F8HdqkQMtK3Sz1FVk0JSUSstEAppWBCjh0Pg,americas,NA1,MASTER,399,503,506,49.85,1009
99z_thLz8sUlsrbRvp8gMHlGiU-q_3S1MvXqXn8Pi17GDNLdpkw6uwOUAk8QagY-_OD7m7-X_JeCSA,americas,NA1,MASTER,393,534,545,49.49,1079
MhPXgcgAGC_siLVTVZ3HiRbLOQrYMGCSBd0uTqAt_olu9X6yvz6UBK54wTGl450AB6laBBTBsib3eg,americas,NA1,MASTER,378,546,511,51.66,1057
CKoIl379h2U39XN4d7MKC1Wt6XOvo-3iN5L0fFr8X1CcZKvTsj370icxgeo6OuWOkp76LTFhBPVLPw,americas,NA1,MASTER,370,706,724,49.37,1430
167oTM2gpllMHi3UPA0m-E2f0_HHQoYoCkj7rjTUYC68-wIrmpZVAe7W_xbJMA_T7NYP4Ku337oSMg,americas,NA1,MASTER,364,643,646,49.88,1289
0ZpmMsvw2Z9LMdWUT1xY5zVEo-AYQTjHgH_ih1qL9puQvu7Y22xRkzfVB0onicvgOsxtIBC3tln3HQ,americas,NA1,MASTER,362,515,526,49.47,1041
rOWR-qrq8N9ezkTcgvfZJrbjSnuAT5xcv1geNbRO4sny6C8e05KsKN1EMw1-dk25Heikyu10tGlqqQ,americas,NA1,MASTER,357,653,645,50.31,1298
dRvhn1gcmTCgc3lIsLeai2475X7a_ZA0W_El8LuV-nbFCZpqzjHErAmnJp7Kotjac5IFzfwMtukMSQ,americas,NA1,MASTER,353,789,760,50.94,1549
yi7-PciFMjNJ38WcArFCuQw5KmfYmYhNJaQJBuEqi0zbKrJcR4_1bFY5wmauE3F4jbRcO1yxMhS7DQ,americas,NA1,MASTER,351,722,716,50.21,1438
3PQRHCdco_p1sXOUkzETML7buu_hsd2iiqvepQ6khEgQDyfZ94lVG8K14R4HqaEq0ZfPdtWPxpOydw,americas,NA1,MASTER,351,615,620,49.8,1235
dzNFL_YvBcd8tu8ZaOdP8IQHJKzukeo6xZie48kZUsDwQLK4lmbz0WWiGUGaox8OrfdCjLAY2dPFDQ,americas,NA1,MASTER,350,580,529,52.3,1109
Rou9k9Y7dA7xzp37MXwIp-978UfXWoyu78sOc8kmIDL8YM1A5Oi4BCutuatbQhzZMBz72qHntloAWA,americas,NA1,MASTER,345,855,829,50.77,1684
jaMMkcQdxUZXuVTkQKvrsdmHupstPx1JuSP9QBJ2N1_iRDMhcTxNhzyT-G4PW7WJ9lqivEArnavaEw,americas,NA1,MASTER,344,606,596,50.42,1202
TtWb_0GY35xPAlq6x1UhAaf1zEfKiS1DjgRMR0jO9cVmkdbuT3X3iizFKuoE2loORXrRicermqILMQ,americas,NA1,MASTER,341,660,659,50.04,1319
nuVYmy1Ejbssmf_Sl1mTSE03pqmtOwqnmm5zqLycN3mNyfsvZzrfDWE39c-FYBJ5IM2JLRMwSJm1Dg,americas,NA1,MASTER,336,559,545,50.63,1104
eXNPSdHvm_4z84ZR6c6yC97N3kbo5tiXsLZ54u093cBUDd5j0t-T6fTl5D8UeDUUIzX6njA8zNeuvg,americas,NA1,MASTER,332,655,633,50.85,1288
0wo9WGFG88qTk2E-nTpe-nQ0CyjyWLfGtfS42zDBG3yCqSNZvO4NlTidlSWt6xFfb2ifI2em0_I8Pw,americas,NA1,MASTER,328,871,873,49.94,1744
3SLQ9qOS198M80jAmNE7wwucpQmLqA3FUQN07EIe81FLq-CoOR5nKQNZjBSPWTHbwEAxF9xyQXOSVg,americas,NA1,MASTER,323,833,830,50.09,1663
B4JBU1CjMQcDgjCuyAwS-MubkZ8kX7Na40vAk0pcvfMUfplpDyBaUPHu2VH2Xy1z4JFc6NIibbQbJg,americas,NA1,MASTER,321,531,506,51.21,1037
acfvXq0e6nCrP_PDbeTyxpYO10XoJhem3JGO42myVvYJ-hA133IBavWbf1YlkHTK60kq4PKtuv93QQ,americas,NA1,MASTER,317,508,546,48.2,1054
w_kfkZfmrEPI3DsnPoL8Izs4fk_dTbq4QxmMLT5wGruE85ogN3KsifnRbLT7sOIAC6CVobD5v9pieQ,americas,NA1,MASTER,314,511,510,50.05,1021
sN3g8lanpQeXODgKZGG1Coj1LVVbR1EFZrWIAaobVJgalsgDovGCivGEJ-bVOomFlvh7eJJuVr9yBw,americas,NA1,MASTER,312,520,518,50.1,1038
b1Kf_D22IKtyXLBXx5_7fdRY04y5RGRWrlSbhc7HjXgfIESHT5UbInmZ6_BSwbFIE5CnJoJJYyYhGw,americas,NA1,MASTER,310,526,539,49.39,1065
P7xvgLcRCd13qaptoi5QqFUiGYi08o7x3SCwiLPQCHpMLzwpe3Xw2DtNf7C7qguzvHb0D8brg1CKIA,americas,NA1,MASTER,310,519,526,49.67,1045
zHc-VlfAGizSvxHInvoU9zg-nXiTkKHsm8mw2juiXLd8Viy5KAJMgwAbUW9RPNmKjoRZrK_oIi2D8g,americas,NA1,MASTER,307,592,598,49.75,1190
pcDcF4Ag4J7ERqzft-S7pnKIZ24l2CMzrIGVloRdWMuRhO4IL_dvGMfe7IQhhv2wmVAD1pdqQ0_qfw,americas,NA1,MASTER,286,604,597,50.29,1201
LQtO2pPVOjXhFLxmhhCimSt4ozk6KzPudnjw3uVM3bFB-ukp7QpDSHyp7JNqk-zc8Iivoat2srD3bw,americas,NA1,MASTER,282,502,517,49.26,1019
On4bNEQ0psG9HUpCyyWPXtOQvumHsQ8BernqRxB5Q3oHuJvX0TiYZfX4LLLSrdEP6d8k3H9MIwGrKw,americas,NA1,MASTER,281,660,642,50.69,1302
w4p0Dp7xZztz2lNaqnmxSdkf9eMpw7bdVDPPjYJJH7-1-strPIZkOWxB1vsfyGbEpHVqTcMmMC7Ueg,americas,NA1,MASTER,280,562,584,49.04,1146
nElc-4NcxtT1m0fuIO3FnEqLjdN6_iZurVV_RqJLNuu4sYlhId7u3Xm02NPHh-8nDM0tjASAFWJ4Tg,americas,NA1,MASTER,278,715,729,49.52,1444
y47Z_DntKBiv-TYEWR-gSOvN-zMoYFZ6vp50XkZnLMvH2J5f7Pkq8wKvVxd0HzJQkH6vv1nymIWjJQ,americas,NA1,MASTER,278,596,576,50.85,1172
I0dnOgnsmuV5UTm2hf7uNvKiL-Jgw8ibHBY3ETylabjdUqi517sDp2AoincjY2DBqLouj0jSsnntkA,americas,NA1,MASTER,274,566,570,49.82,1136
1nl8Y0m0VFTDPiNpQzpGK3lmE6DKS-0YDHVziAldpxynbae6Ap283khN7gUeGQj0mZKjS17s8jIn5w,americas,NA1,MASTER,257,632,624,50.32,1256
r8GEymrtFNpbSzmrYES7FQP1ys_-5-QB5BuHwFi1VkH7Mv3UCK9SMjTa1Qkq6K3UB-XtfZE2W33FXA,americas,NA1,MASTER,248,539,577,48.3,1116
qsnaAO8NbUfxEb9LMdL1SZAngSqWFXQp1RR_K6R65NujsUu3sv0X3dnpLRGGE1CVCuL_ZtuGWx4vyA,americas,NA1,MASTER,239,792,782,50.32,1574
O8OQp8dykM1ITGopLJaaoNWKDWdnpN1B8Q7LYEkDU7TPFjOqVmk-IEURsRYUvVT6c7vawGKD0YIcTQ,americas,NA1,MASTER,227,526,527,49.95,1053
yKd184-imdQK_NA4kkrA5gyavHBRKEvDkBry-vitYAgSjXZ9ij0HutMzo_N-HLYjIaybVKQ5RfAxNg,americas,NA1,MASTER,226,555,594,48.3,1149
nVxUPHhSeL2tenUiWPLxuM9rjvy8eSsAtqXrxBNCBhDSyJc5xyVdoP0Crh6-phQ9FJRKSpOUoZmonA,americas,NA1,MASTER,226,521,520,50.05,1041
uSVLw76zPcLtqAhCibgFmRfdiufJ64ewAyxvn-gUyZZRxrsU5HkKlC1yYHIikcg98996w-DkgUkk8g,americas,NA1,MASTER,226,506,497,50.45,1003
4lxoFjWYPcrLLXy_56Bdsdk5fgWvhnJslhJl3MiIMVVoOn8G_De71DdHJk4n1WkWp-raGt9uHFZluw,americas,NA1,MASTER,225,527,492,51.72,1019
Dy5IIMJGA6nWe3ScZqyfuCwUak54akdsT3YUl13hmPCrj_60WC7CeXUKCGqwVw1zgPRXhKWqwqHtAQ,americas,NA1,MASTER,218,777,768,50.29,1545
VG7eaTmZuVohkKeKWk76VQ5OGGg-YY5JcmbiQRstNufDswgGYGCRRHjos5wAnoAzaZmlIMJH8qT-ng,americas,NA1,MASTER,217,657,672,49.44,1329
iVh43sCOEKPltAEOpLd14haL2rq7z0K5iymN1ESgzr5yv5eWT6rCzPulky_QNUqh3NElcILq__Zx1w,americas,NA1,MASTER,217,586,568,50.78,1154
b0mWErjEAqKbvdO6dSM0RSSiI36UGiRykGGBacwCcbwdd4THOzTbOE_08WX58auysUBJsfoBnydCbg,americas,NA1,MASTER,212,509,502,50.35,1011
8dF1jwq-xoTYXPWufeqoBWzz8DP5rKqF6O3yQ1KyAWStQ0-a6OOlbfBwYY7zA7owW0QS3RQ8vRaqoQ,americas,NA1,MASTER,211,519,523,49.81,1042
uwV-dyXRGjEBUhZUscbwyvvg3k-gkxJpcdO6ci0H3WAsmI8srmMx1bMTismNeS8VpF0zIUMFtR0QuA,americas,NA1,MASTER,210,595,569,51.12,1164
k4HGKgjZ1Mb_bSNIeZ9cJmBwU6k6lzNSEhkb1rPKzsMlfEXCGOPZFW8pHCT6HmoOn-V91pmCwdgx3w,americas,NA1,MASTER,208,539,554,49.31,1093
kYvfipJqn-7a_aIkAPneyTdfvOIFZM18TvF8Xvuj5BuIlW04Berk45BslB4WTOYMqOi2SLBMMkAyLg,americas,NA1,MASTER,198,689,677,50.44,1366
e6Rqo_-IsN78RT8-wdQ0RPPk0VEWzIYwAKmDa8VlW2H6dfYdfrlKLp0MJbm1OamflUW3Wr3XvOQPiw,americas,NA1,MASTER,196,790,807,49.47,1597
VN890i4O7_OHV3CJ8H83kU7phScDeYAgKlNa_iks2oMtN4-4C76H99121l1wiv9SJZgtpq2SAv0ruA,americas,NA1,MASTER,195,712,760,48.37,1472
rLcam_9Uj0fKluckODAnXk7o6Z57IfWAC0OGQhfTmoHlcxUG7jY0xh7QOrFJ8hGvgLg6nbwHwin1qA,americas,NA1,MASTER,193,546,537,50.42,1083
BSX3ZQLi7xxbl5igGage4jrk6O7BYRATxc4BK0psIdI4JRW83JE2VFD3mFyO7nkzTJyGkh6bspj-vg,americas,NA1,MASTER,181,589,615,48.92,1204
as8qc3r3OwNtK2TJi5WfdsO3QZt_-FHNKj_kWbVujiurxQxlCcs5ZPxVCJMlMyTF_Fsonm6GmslM5w,americas,NA1,MASTER,166,543,498,52.16,1041
WoIHJuLAJ4npUyGDLUFwr8ve9hTuTYLFqdE7S8ibGKZNOtAgGEvO0Wztc6MPiSodYOuMoHNALe0PYg,americas,NA1,MASTER,159,522,496,51.28,1018
piAADUb3WiyHjtj2fZBrdp6h7YIGFfGunZt6-3YmfQtmq-VLF_3TrpScsESXbRYAvl1SnL_NJ6fB7Q,americas,NA1,MASTER,153,630,649,49.26,1279
CKDeJTk_jAJSF5rcam6oGYRqqtWp_upBPZVb3MFPrsMidvk7AxMaCiA8WfDj2yj6PQBoA7PogJ_9tw,americas,NA1,MASTER,152,547,534,50.6,1081
3_6N7fT9IgZOqw9LvTOpiK8cPvyWGgA4_q_PtVGjHze04bFyEMt2-uARO6IDRl7Zfxqq59OwgRBsmA,americas,NA1,MASTER,149,560,578,49.21,1138
WspdYaVyxD6jTYdq2lGIBqpvGuKHVY1iIaHYaWBDbsU8YMScpL4aowy1itqKUuznFQvvGL1J_Uvk5w,americas,NA1,MASTER,132,532,512,50.96,1044
9dRgPseetgwStB033GrpEmrFrr2jHwhT3n_aYO_zdw2U3C9BLWnvF3OADS9jD2pi40J4WAoQpytmYw,americas,NA1,MASTER,131,558,544,50.64,1102
FdfkhDb5L5oHFgFpnVq99RehnMx0Ule0cPwtOaaT0Vn9tGYRuwNVntPQ92iovSnAlt95hBXu526Qzw,americas,NA1,MASTER,128,561,577,49.3,1138
tUSjfZIi0E6II71RwXLrbIljQiEUBrcCB4uMkE4bTAf1eyWQI8I3HPHvF4MvNh9Tckl_qHvrE3hcCQ,americas,NA1,MASTER,118,570,578,49.65,1148
fyWKy7aKxEhaMPUtNNPRASw5zNqhECwXa4vpcWYWvVpwGSyZUrFf9utdnYFBAL4xfNE6es9MtwbXqw,americas,NA1,MASTER,118,551,555,49.82,1106
eyXLA8wsaYw6r7Pa8y4vYr1MVZHvV2tKUejA_RIcLiT61zfY6WSOmer7VPg1UCg4mDQJp9zfpFppKA,americas,NA1,MASTER,118,514,517,49.85,1031
YIGNThLdZbkdK9xiI6Xns-PNoCoZ3OaXg7LaDxVzrpOJL_a95hxXXkYPJXPwANsFnTzTJymENMGbqQ,americas,NA1,MASTER,118,505,532,48.7,1037
A2iDFlsBFdg2dkWdobzJw9klqMP-moQ28K0zN4eLa7uQXl7uL04LmypF-_Afd02jQQySIYpzLTsHvQ,americas,NA1,MASTER,114,559,570,49.51,1129
eMmZjLsz7okoK3qolx2fb4hHhV2C-I2-BFAtZTGQ8cbZFf-hCwETaGPUA2xM9gtJkqIikt27CW5zzA,americas,NA1,MASTER,113,595,603,49.67,1198
RUan5FBSuo-gGdGo8BcbLsO0MDKXVZzvBV8yR5SSMHmmC7bqn2fQxL8p9F5smpKnJPWWW6kADon7QQ,americas,NA1,MASTER,98,518,519,49.95,1037
IO9Tmtj2J8QJEftEoZTtkVrC0MPxenU7z154dpUr7dty2_wF63HzQEhBNIJmF2a9RHeq1jPYw8vglA,americas,NA1,MASTER,96,513,491,51.1,1004
62DxCquxXRWeL5XxvopsOr_LG1aXtd3ObTlH_T0diimATpSYiu23t19fyYFezd4ae1OlDqIEMdrbzw,americas,NA1,MASTER,95,585,578,50.3,1163
Ufy4uN1lMAkRYpHU2_7dOGroAYnd8cXoxjkEz55gBU7XUTXVqjqE8x9tpphvDJeNyKvDPoW0Jz9cPw,americas,NA1,MASTER,83,589,597,49.66,1186
qPfa49DvtXqI2EytVWSLylN_J5pDN-Z7asORB283nbgtpOTrdl388OPbaZWafMb3NmS2O0XT67346g,americas,NA1,MASTER,70,663,657,50.23,1320
rgxwdWAJiPcoMWqGQCN501de3tJS3otOyoZe6jwAp7UMwgvrHd9rj7su6UXoyr7hXN5Qaad7hf3diw,americas,NA1,MASTER,68,714,719,49.83,1433
jkND5FiRkNBO3ym3fnto3ORups2S-wzXUQFZK35W9HdINb24J41O-kBisMugsz7V5K7BFD87Ay5EqQ,americas,NA1,MASTER,66,502,486,50.81,988
6tFMZUDJEf0_aalHZOnZot1nUCD8XeeNhrYy0afXJYcSJ3piu4W05AXn3BahdE6aKE1tjGcRTz6y7w,americas,NA1,MASTER,61,710,731,49.27,1441
PjSe06UoZ8WZ075DccAIJ_8LgMYjUZI1JxIlX2gozPhQ1tpRrVvK-KKFA81afytE3wIamVoMt4MT-A,americas,NA1,MASTER,61,609,600,50.37,1209
d3UH1GViBSXZ0MxFEfXBNe5FMSNWkr1JOiMQviE2uVqG7vw3avhmyepcs0bcF4kz_y-k73-MW83Mfg,americas,NA1,MASTER,61,568,539,51.31,1107
5O4iL9zyH_GWOy86nGTbHYJKPrIQ4ZNu5fomszeB3NLCnOxOvRcxI30zCDMU0da0uxN_0iaMR0eidw,americas,NA1,MASTER,60,620,610,50.41,1230
3ZAPrBVhy2AuiRaZo8hZesNr_H1HReMcE0hN2faD9r8k_BHLyPb8ehBAUB0whwpkibuXd3f5nfxPvQ,americas,NA1,MASTER,60,517,507,50.49,1024
1fvTpBihbqmknB_-FnapgULmqg4BgpWV7nrmRqooCAeKon3U7EaSY3GLYT2Ydu23iK8cfY4spm38fw,americas,NA1,MASTER,58,583,581,50.09,1164
EdtRTAVoFbjZFFCl1A_AhELwopmN1dP4bJnUVoVB0YGlSsY4cBQ20bDnRLXcsncNKrgGoY00G06yIA,americas,NA1,MASTER,58,514,549,48.35,1063
dU9y6gtR_nMs_q7cxE6Fxjyuhh_hzLr8QALho7I7C506Tg1zM8Hx64fBIFqjQQLm5YWfl3rC9hyEFw,americas,NA1,MASTER,30,592,603,49.54,1195
BOHsUdn5QtTfpmu73vA7E-Cs8vJhstcpNwXxaXEchFPk5GaoX1jvTZVRf3PXebnW2w6Rs3lTRywHFw,americas,NA1,MASTER,29,678,697,49.31,1375
F19yJWU5SN-oUdoqD9EuS4DaV5ZZLZKv1agdb_EB3kjxbsEVVMM2gZkd-THaHjah2O0Ew7zSpPU4uQ,americas,NA1,MASTER,29,573,563,50.44,1136
-aQrJLXwKKOnDwSVbGUz65NUVJlL2NfTS4Ix5k9jCbAyEc7oJGdTlA1VJhz_QlnJS0RPRM763rvDnA,americas,NA1,MASTER,28,692,724,48.87,1416
r-Vb6-4uWLnIQp3uvfnOj-qX3uevNpc_N2hf6OswbCzQL_VXi06nWfPVi81aoD5WKaTaFETL0bvm8w,americas,NA1,MASTER,28,506,514,49.61,1020
oZJ-LWETfdI5eX7mlf2Mk5At3k9U_fqLrcZdoc8YZhJKGp84ynaIavLNZtnRSAvQcf4UU9HavGMKlA,americas,NA1,MASTER,27,674,705,48.88,1379
FZ7XGBf4xRe9xhkUpjgx38KyLjrJaCuOTpRCAt3N6eV1BWk3v_bJNGE3WnWLeFGBM7NDg9h4lmIQ7A,americas,NA1,MASTER,24,795,820,49.23,1615
uhVHNdNlolWNk8eARpnnb42hPQnOmOcaxY9viqRtRXHdrZTBcSBWPBvQVbXmKlFzSUH6rudIiPedaQ,americas,NA1,MASTER,16,630,604,51.05,1234
FN8TVyQia7UR02Jd8xZZtiazQHxsSS-t8n00gOG3FUCD_Mod0L02hXGV8cLxjfkO8XCRs9H5ZtmO2w,americas,NA1,MASTER,15,659,655,50.15,1314
31yEhsRq9D1sByLHVnrMHUk7fd6E-VbK_RJYt-QpPBDGkK3Bv1CMN_XaTl51NR2cKtJp4cthN9V4bw,americas,NA1,MASTER,15,606,592,50.58,1198
-iOEoO67l3GXy5YZEd7R0ljRPDsNm9BSeNKquyxNP4obWNNu45wH6HMoeL07J4lvi_F43S2LhLNUjA,americas,NA1,MASTER,15,521,493,51.38,1014
lEafam2Ec9mlLlA3TIZuUXw1az3FY1RXa2rcHDqoxz7L9iEBtsnQfdC8h4Uj-x66e-WYjdBdg4aIMQ,americas,NA1,MASTER,15,511,536,48.81,1047
KfwP3F8g4ytaM-hdIRQ8lHJWZ_o0eatHL7wTCC-5CSuzkA9Q4YYl6xnLLH8sMablC9vh7zLTDGs24Q,americas,NA1,MASTER,12,520,520,50.0,1040
H6VrzvxX65JzuSdLEKhhF1VnAFQsPVI6nnRdZ_pBo3xadsVh8edk-Z7eE67zvafVwXWMhEt7wZuWiw,americas,NA1,MASTER,8,534,564,48.63,1098
-m6yqWNHJAuUlJBGCRXsMwd30adPTx7-LtjKed8h4pDzDVwe3tiupR5lnxluCbJY7njFbPWGUQGL9Q,americas,NA1,MASTER,7,512,503,50.44,1015
ToLlndWxGQ8X6y4gjTr1zhmdbqRM9TW81QEnQnmQuW-cPV1ppbItWHrcqBO-ENIbHH3Z6F08RTAplg,americas,NA1,MASTER,0,906,892,50.39,1798
bT5AeuFtTqlOd9aP3y9bGBWFzfAW5pQPyFPfl3lEDNSpA-K7Ry4TmKU2ScXOcRyaiyEy6NqR866Cjg,americas,NA1,MASTER,0,650,598,52.08,1248
Pu_hIag7xPzkaPNTyqBAUJFusqwOmXhqlo3krG5LFjGSmtl_7Pq7xTZeB76b52AsI3Y6bSljHDWVKw,americas,NA1,MASTER,0,600,558,51.81,1158
1TYhIsNreUil66vO6aP7JRCHNu_Dgr9rXMonTblw5DDlnzjR-J7jLUn5J5NaOZgc38eFBoTfYH1xew,americas,NA1,MASTER,0,589,622,48.64,1211
s_ORPa1pE27WsNis0X9z5MTd9_00N4ZPe4cxGHzuTgtL0nw7pEllTYoJ_WebIx7MxtEHJGZSsyrDIA,americas,NA1,MASTER,0,552,547,50.23,1099
Jcm9fPLOaVzyyOm1clAK3kmwbjb7zdUG0VoMMpIaXiz_A115OAj-Q2Rs2W46SRMW4gGXkeyu14dzXA,americas,NA1,MASTER,0,516,542,48.77,1058
hrqgW14RPGmko0_eXYGf-BCado8YF_esWZsNV3OREfDbbh_8W1nN0CRXWQrg6ZuC5ZwfBu-UJnR4qA,americas,NA1,MASTER,0,514,545,48.54,1059
